Run,Type,Target,EBeam,P_SHMS,Theta_SHMS,P_HMS,Theta_HMS,Current,PS1,PS4,PS5,HMS_Rate_(kHz),SHMS_Rate_(kHz),Coin_Rate_(kHz),Charge_(mC),Raw_HMS,Raw_SHMS,Raw_Coin,EDTM,SHMS_Hadron_Tracking,HMS Time,SHMS Time,Comments,,,
12126,Lumi,LH2,9.173,5.27,7.505,4.1,-12.505,69.165,11,7,-1,82.092,1094.459,1094.459,40.687,740k,626k,626k,7029,0.902,588.261,585.976,,11.9487778384085,11.995371824102,-0.046593985693548
12128,Lumi,LH2,9.173,5.27,7.505,4.1,-12.505,54.198,11,7,-1,64.976,883.492,883.492,33.107,611k,527k,527k,7146,0.925,610.846,610.846,,11.698529580287,11.698529580287,0
12129,Lumi,LH2,9.173,5.27,7.505,4.1,-12.505,37.793,10,7,-1,47.026,651.633,651.633,23.033,429k,753k,753k,7562,0.932,609.665,609.665,,12.4035330878433,12.4035330878433,0
12130,Lumi,LH2,9.173,5.27,7.505,4.1,-12.505,24.382,10,6,-1,29.64,421.044,421.044,14.621,539k,492k,492k,6724,0.959,599.676,599.676,,11.2127215362963,11.2127215362963,0
12131,Lumi,LH2,9.173,5.27,7.505,4.1,-12.505,11.602,10,6,-1,14.428,206.685,206.685,6.983,263k,242k,242k,6525,0.967,601.862,601.862,,10.841355659603,10.841355659603,0
12132,Lumi,LH2,9.173,5.27,7.505,4.1,-12.505,13.936,10,6,-1,21.383,305.936,305.936,10.148,380k,348k,348k,7919,0.963,735.62,735.62,,10.765068921454,10.765068921454,0
12133,Lumi,LH2,9.173,5.27,7.505,4.1,-12.505,7.685,10,6,-1,9.742,138.953,138.953,4.611,177k,163k,163k,6461,0.963,600.012,600.012,,10.7681179709739,10.7681179709739,0
12135,Lumi,LH2,9.173,5.27,7.505,4.1,-12.505,4.764,8,4,-1,6.211,91.953,91.953,0,411k,419k,419k,6830,0.973,618.304,618.304,,11.0463461339406,11.0463461339406,0
12137,Lumi,LH2,9.173,5.27,7.505,4.1,-12.505,2.831,7,3,-1,0,0,0,0,477k,536k,536k,7170,0.976,662.527,662.527,,10.8222004537174,10.8222004537174,0
12140,Lumi,LH2,9.173,5.27,7.505,4.1,-12.505,11.608,9,5,-1,14.335,207.625,207.625,7.735,562k,538k,538k,7088,0.972,666.337,666.337,,10.6372601251319,10.6372601251319,0
12141,Lumi,LH2,9.173,5.27,7.505,4.1,-12.505,43.889,11,7,-1,79.49,1061.108,1061.108,25.799,477k,402k,402k,6680,0.898,590.429,590.429,,11.3138074179961,11.3138074179961,0
12142,Lumi,LH2,9.173,5.27,7.505,4.1,-12.505,68.077,11,7,-1,81.6,1087.852,1087.852,26.16,479k,405k,405k,4468,0.888,384.276,381.51,,11.6270597174947,11.7113575004587,-0.084297782963986
12143,Lumi,Carbon0p5,9.173,5.27,7.505,4.1,-12.505,68.325,11,7,-1,16.167,221.092,221.092,3.878,14k,-12550k,-12550k,646,0.964,56.764,56.764,,11.3804523994081,11.3804523994081,0
12144,Lumi,Carbon0p5,9.173,5.27,7.505,4.1,-12.505,56.285,9,5,-1,15.129,212.313,212.313,84.323,1146k,1062k,1062k,16416,0.956,1501.338,1501.338,,10.9342466519864,10.9342466519864,0
12145,Lumi,Carbon0p5,9.173,5.27,7.505,4.1,-12.505,44.701,9,5,-1,12.088,169.847,169.847,65.982,898k,833k,833k,16057,0.966,1479.579,1479.579,,10.8524113954037,10.8524113954037,0
12147,Lumi,Carbon0p5,9.173,5.27,7.505,4.1,-12.505,38.994,8,4,-1,9.003,127.582,127.582,49.43,1268k,1254k,1254k,13447,0.958,1267.628,1267.628,,10.6080017165919,10.6080017165919,0
12148,Lumi,Carbon0p5,9.173,5.27,7.505,4.1,-12.505,24.36,7,3,-1,5.609,80.032,80.032,29.74,1367k,1500k,1500k,13148,0.961,1220.846,1218.515,,10.7695810937661,10.7901831327476,-0.020602038981521
12150,Lumi,Carbon0p5,9.173,5.27,7.505,4.1,-12.505,17.411,7,3,-1,4.047,57.632,57.632,21.689,1008k,1105k,1105k,13368,0.963,1245.722,1245.722,,10.7311262063285,10.7311262063285,0
12151,Lumi,Carbon0p5,9.173,5.27,7.505,4.1,-12.505,11.579,6,2,-1,2.697,38.475,38.475,15.195,1180k,1530k,1530k,13891,0.959,1312.248,1312.248,,10.5856514927056,10.5856514927056,0
12152,Lumi,Carbon0p5,9.173,5.27,7.505,4.1,-12.505,7.544,6,1,-1,1.798,25.689,25.689,9.848,1160k,1004k,1004k,13359,0.967,1309.272,1309.272,,10.2033801990725,10.2033801990725,0
12153,Lumi,Carbon0p5,9.173,5.27,7.505,4.1,-12.505,4.746,5,0,-1,0,0,0,0,1446k,1217k,1217k,12841,0.962,1287.177,1287.177,,9.97609497372933,9.97609497372933,0
12154,Lumi,Carbon0p5,9.173,5.27,7.505,4.1,-12.505,2.539,4,0,-1,0,0,0,0,829k,1309k,1309k,13866,0.961,1389.958,1387.958,,9.97584099663443,9.99021584226612,-0.014374845631689
12156,Lumi,Dummy10cm,9.173,5.27,7.505,4.1,-12.505,39.239,9,5,-1,16.714,250.902,250.902,24.303,611k,607k,607k,391,0.952,619.362,621.362,,0.631294783987393,0.629262812981805,0.002031971005589
12158,Lumi,LD2,9.173,5.27,7.505,4.1,-12.505,39.111,11,8,-1,98.252,1237.968,1237.968,25.399,495k,784k,784k,8697,0.902,649.396,649.396,,13.3924446716641,13.3924446716641,0
12159,Lumi,LD2,9.173,5.27,7.505,4.1,-12.505,24.385,11,7,-1,61.403,811.587,811.587,15.698,608k,510k,510k,7685,0.939,643.736,643.736,,11.9381237028844,11.9381237028844,0
12160,Lumi,LD2,9.173,5.27,7.505,4.1,-12.505,17.447,10,6,-1,44.041,597.334,597.334,10.129,775k,676k,676k,6510,0.961,580.521,580.521,,11.2140646074819,11.2140646074819,0
12161,Lumi,LD2,9.173,5.27,7.505,4.1,-12.505,11.586,10,6,-1,29.604,408.071,408.071,7.538,584k,518k,518k,7212,0.965,650.615,650.615,,11.0848965978344,11.0848965978344,0
12162,Lumi,LD2,9.173,5.27,7.505,4.1,-12.505,7.655,9,5,-1,19.845,275.814,275.814,4.749,724k,666k,666k,13018,0.969,620.344,620.344,,20.9851308306359,20.9851308306359,0
12163,Lumi,LD2,9.173,5.27,7.505,4.1,-12.505,1.524,8,5,-1,0,0,0,0,39k,70k,70k,2584,0.975,224.404,224.404,,11.5149462576425,11.5149462576425,0
12164,Lumi,LD2,9.173,5.27,7.505,4.1,-12.505,4.742,8,5,-1,0,0,0,0,478k,887k,887k,7581,0.973,654.481,656.481,,11.5832239591371,11.5479351268354,0.035288832301733
12166,Lumi,LD2,9.173,5.27,7.505,4.1,-12.505,2.816,8,4,-1,0,0,0,0,502k,495k,495k,6500,0.972,605.275,605.275,,10.7389203254719,10.7389203254719,0
12167,Lumi,LD2,9.173,5.27,8.995,4.1,-13.005,52.078,10,8,-1,108.674,785.877,785.877,32.737,513k,-478554k,-478554k,664,0.936,629.033,629.033,,1.05558849853664,1.05558849853664,0
12170,Lumi,LD2,9.173,5.27,8.995,4.1,-13.005,23.366,10,8,-1,49.883,374.862,374.862,15.314,246k,-238398k,-238398k,607,0.967,655.802,660.861,,0.925584246464634,0.918498746332436,0.007085500132198
12171,Lumi,LD2,9.173,5.27,8.995,4.1,-13.005,9.64,10,8,-1,20.147,153.708,153.708,5.912,96k,184k,184k,576,0.977,613.295,613.295,,0.93918913410349,0.93918913410349,0
12172,Lumi,LD2,9.173,5.27,8.995,4.1,-13.005,17.455,10,8,-1,36.131,273.945,273.945,9.921,159k,304k,304k,565,0.965,568.349,568.349,,0.994107493811021,0.994107493811021,0
12173,Lumi,LD2,9.173,5.27,8.995,4.1,-13.005,4.744,10,7,-1,0,0,0,0,50k,44k,44k,6455,0.994,287.472,287.472,,22.4543607725274,22.4543607725274,0
12174,Lumi,LD2,9.173,5.27,8.995,4.1,-13.005,4.413,8,5,-1,10.743,82.145,82.145,0.021,356k,-45892k,-45892k,7392,0.979,644.109,644.109,,11.4763184492066,11.4763184492066,0
12175,Lumi,LD2,9.173,5.27,8.995,4.1,-13.005,17.473,9,6,-1,36.375,274.067,274.067,10.143,640k,-159096k,-159096k,6890,0.973,580.498,580.498,,11.8691192734514,11.8691192734514,0
12178,Lumi,Dummy10cm,9.173,5.27,8.995,4.1,-13.005,36.614,8,5,-1,13.875,111.184,111.184,25.618,539k,-73381k,-73381k,8078,0.968,700.618,700.618,,11.5298208153373,11.5298208153373,0
12179,Lumi,Dummy10cm,9.173,5.27,8.995,4.1,-13.005,39.273,8,5,-1,14.042,112.62,112.62,22.588,473k,-64547k,-64547k,6684,0.963,575.146,573.145,,11.6213970018048,11.6619703565415,-0.040573354736779
12181,Lumi,Carbon0p5,9.173,5.27,8.995,4.1,-13.005,64.481,8,5,-1,12.72,97.138,97.138,81.101,907k,913k,913k,7426,0.97,1258.827,1260.827,,5.89914261451335,5.88978503791559,0.009357576597762
12184,Lumi,Carbon0p5,9.173,5.27,8.995,4.1,-13.005,47.749,7,4,-1,10.116,77.317,77.317,63.017,1330k,1406k,1406k,14779,0.963,1321.372,1321.372,,11.1845869293431,11.1845869293431,0
12185,Lumi,Carbon0p5,9.173,5.27,8.995,4.1,-13.005,38.731,7,4,-1,7.406,56.456,56.456,46.617,990k,1045k,1045k,13625,0.969,1203.615,1203.615,,11.3200649709417,11.3200649709417,0
12186,Lumi,Carbon0p5,9.173,5.27,8.995,4.1,-13.005,24.201,6,3,-1,4.621,35.327,35.327,29.156,1113k,1290k,1290k,13449,0.963,1204.751,1204.751,,11.1633026243597,11.1633026243597,0
12187,Lumi,Carbon0p5,9.173,5.27,8.995,4.1,-13.005,17.356,6,2,-1,3.319,25.426,25.426,20.933,1333k,928k,928k,12922,0.971,1206.118,1204.937,,10.7137112620822,10.7242121372321,-0.010500875149921
12189,Lumi,Carbon0p5,9.173,5.27,8.995,4.1,-13.005,9.554,5,2,-1,1.845,14.12,14.12,11.561,744k,1005k,1005k,8832,0.968,1209.992,1209.992,,7.29922181303678,7.29922181303678,0
12190,Lumi,Carbon0p5,9.173,5.27,8.995,4.1,-13.005,4.508,3,0,-1,0,0,0,0,1116k,1702k,1702k,12618,0.966,1264.335,1264.335,,9.97994993415511,9.97994993415511,0
12191,Lumi,Carbon0p5,9.173,5.27,8.995,4.1,-13.005,25.863,8,5,-1,9.957,75.493,75.493,20.82,239k,235k,235k,9315,0.967,816.995,816.995,,11.4015385651075,11.4015385651075,0
12192,Lumi,LH2,9.173,5.27,8.995,4.1,-13.005,59.935,10,7,-1,61.316,465.501,465.501,44.062,672k,646k,646k,8913,0.948,736.365,736.365,,12.1040516591636,12.1040516591636,0
12193,Lumi,LH2,9.173,5.27,8.995,4.1,-13.005,49.046,10,7,-1,51.042,391.02,391.02,32.641,503k,488k,488k,8183,0.943,666.734,666.734,,12.2732604006995,12.2732604006995,0
12194,Lumi,LH2,9.173,5.27,8.995,4.1,-13.005,39.016,9,6,-1,39.488,303.869,303.869,23.657,726k,717k,717k,14100,0.964,606.347,606.347,,23.2540113169522,23.2540113169522,0
12195,Lumi,LH2,9.173,5.27,8.995,4.1,-13.005,23.537,9,6,-1,24.839,191.278,191.278,15.069,470k,464k,464k,14766,0.97,640.784,640.784,,23.0436465329971,23.0436465329971,0
12196,Lumi,LH2,9.173,5.27,8.995,4.1,-13.005,11.969,9,6,-1,16.866,132.345,132.345,7.24,224k,225k,225k,3742,0.966,617.339,617.339,,6.06149943548034,6.06149943548034,0
12197,Lumi,LH2,9.173,5.27,8.995,4.1,-13.005,9.238,7,4,-1,9.78,77.028,77.028,5.52,629k,685k,685k,6779,0.97,600.51,600.51,,11.2887379061131,11.2887379061131,0
12198,Lumi,LH2,9.173,5.27,8.995,4.1,-13.005,4.738,6,3,-1,0,0,0,0,594k,707k,707k,6775,0.978,600.16,600.16,,11.2886563583045,11.2886563583045,0
12199,Lumi,LH2,9.173,5.27,8.995,4.1,-13.005,60.924,10,7,-1,64.217,492.561,492.561,48.284,730k,709k,709k,734,0.939,793.406,793.406,,0.925125345661616,0.925125345661616,0
12339,,,9.173,8.035,7.055,1.026,-47.040,ERROR,ERROR,ERROR,ERROR,ERROR,ERROR,ERROR,ERROR,ERROR,ERROR,ERROR,ERROR,ERROR,ERROR,ERROR,
11883,Prod,LH2,9.173,5.422,10.260,3.738,-12.400,53.703,12,11,0,85.130,262.821,1.737,99.602,127k,196k,2661k,18292,0.465,1859.031,1859.031,
11884,Prod,LH2,9.173,5.422,10.260,3.738,-12.400,64.559,12,11,0,88.140,270.801,1.814,100.756,129k,199k,2728k,15353,0.462,1561.416,1561.416,
11885,Prod,LH2,9.173,5.422,10.260,3.738,-12.400,59.937,12,11,0,86.830,265.645,1.780,99.795,129k,197k,2708k,16379,0.468,1667.053,1667.053,
11886,Prod,LH2,9.173,5.422,10.260,3.738,-12.400,51.669,12,11,0,87.821,268.210,1.808,76.744,99k,151k,2093k,14665,0.459,1489.347,1489.347,
11887,Prod,LH2,9.173,5.422,10.260,3.738,-12.400,0.540,12,11,0,0.000,0.000,0.000,0.000,0k,0k,0k,153,0.000,15.292,15.292,
11888,Prod,LH2,9.173,5.422,10.260,3.738,-12.400,67.391,12,11,0,89.255,272.632,1.833,8.628,11k,17k,235k,1090,0.767,128.029,128.029,
11889,Prod,LH2,9.173,5.422,10.260,3.738,-12.400,42.276,12,11,0,80.718,245.411,1.614,44.192,57k,87k,1173k,10353,0.767,1051.196,1051.196,
11890,Prod,LH2,9.173,5.422,10.260,3.738,-12.400,58.843,12,11,0,84.663,257.308,1.702,33.826,44k,67k,901k,5674,0.765,575.558,575.558,
11891,Prod,LH2,9.173,5.422,10.260,3.738,-12.400,54.749,12,11,0,86.765,263.455,1.752,40.474,53k,80k,1087k,7281,0.767,740.768,740.768,
11892,Prod,LH2,9.173,5.422,10.260,3.738,-12.400,59.846,12,11,0,86.406,262.031,1.750,45.262,59k,89k,1220k,7434,0.763,757.206,757.206,
11893,Prod,LH2,9.173,5.422,10.260,3.738,-12.400,57.140,12,11,0,84.955,257.108,1.708,49.345,64k,97k,1321k,8526,0.759,865.134,865.134,
11894,Prod,LH2,9.173,5.422,10.260,3.738,-12.400,26.012,12,11,0,66.990,200.358,1.235,16.422,22k,32k,409k,6337,0.790,640.986,640.986,
11895,Prod,LH2,9.173,5.422,10.260,3.738,-12.400,7.669,12,11,0,42.217,121.990,0.560,0.878,1k,2k,17k,1217,0.865,122.314,122.314,
11896,Prod,LH2,9.173,5.422,10.260,3.738,-12.400,63.431,12,11,0,84.640,255.087,1.666,17.199,22k,34k,452k,2672,0.773,271.151,271.151,
11897,Prod,LH2,9.173,5.422,10.260,3.738,-12.400,67.005,12,11,0,89.380,270.222,1.828,48.442,63k,95k,1321k,7115,0.755,722.960,722.960,
11898,Prod,LH2,9.173,5.422,10.260,3.738,-12.400,51.935,12,11,0,81.855,246.373,1.623,49.895,65k,98k,1321k,9490,0.773,963.634,963.635,
11899,Prod,LH2,9.173,5.422,10.260,3.738,-12.400,53.726,12,11,0,87.042,262.414,1.765,26.881,35k,53k,729k,4936,0.762,501.473,501.473,
11900,Prod,LH2,9.173,5.422,10.260,3.738,-12.400,18.226,12,11,0,88.400,266.902,1.822,2.849,4k,6k,80k,1585,0.740,159.815,159.816,
11901,Prod,LH2,9.173,5.422,10.260,3.738,-12.400,61.096,12,11,0,87.561,263.842,1.777,34.201,45k,67k,928k,5502,0.758,560.316,560.316,
11902,Prod,Dummy10cm,9.173,5.422,10.260,3.738,-12.400,38.192,12,11,0,18.053,36.193,0.083,26.697,12k,12k,58k,6954,0.992,699.034,699.034,
11904,Prod,Dummy10cm,9.173,5.422,10.260,3.738,-12.400,38.220,10,9,0,18.077,36.278,0.083,50.376,93k,93k,109k,13108,0.991,1318.068,1318.068,
11910,Prod,LH2,9.173,5.422,10.260,3.738,-12.400,66.644,12,11,2,188.714,517.800,6.880,36.754,102k,139k,1265k,5278,0.546,551.506,551.506,
11911,Prod,LH2,9.173,5.422,10.260,3.738,-12.400,48.829,12,11,2,181.535,496.879,6.534,37.872,105k,143k,1288k,7572,0.556,778.043,778.043,
11914,Prod,LH2,9.173,5.422,10.260,3.738,-12.400,66.880,12,11,4,189.789,519.241,6.985,8.544,24k,32k,99k,1243,0.550,127.753,127.753,
11916,Prod,LH2,9.173,5.422,10.260,3.738,-12.400,66.686,12,11,2,189.539,518.309,6.902,38.446,107k,146k,1326k,5531,0.538,576.528,576.528,
11918,Prod,LH2,9.173,5.422,10.260,3.738,-12.400,38.553,12,11,2,183.392,499.048,6.600,38.636,108k,147k,1329k,9921,0.555,1008.367,1008.367,
11919,Prod,LH2,9.173,5.422,10.260,3.738,-12.400,56.197,12,11,2,180.903,492.030,6.550,37.348,104k,142k,1293k,6588,0.550,665.734,665.855,
11920,Prod,LH2,9.173,5.422,10.260,3.738,-12.400,53.622,12,11,2,182.445,495.629,6.616,39.424,110k,150k,1366k,7099,0.548,736.968,736.977,
11922,Prod,LH2,9.173,5.422,10.260,3.738,-12.400,43.329,12,11,2,186.865,507.092,6.838,37.032,104k,141k,1299k,8393,0.544,858.818,858.818,
11928,Prod,LH2,9.173,5.422,10.260,3.738,-12.400,24.290,12,11,0,82.858,211.744,1.358,81.946,235k,300k,3959k,100493,0.903,3386.908,3386.908,
11933,Prod,LH2,9.173,5.422,10.260,3.738,-12.400,26.090,12,11,0,83.361,212.598,1.365,92.436,265k,338k,4461k,105294,0.903,3550.311,3550.311,
119343,Prod,LH2,0.000,0.000,0.000,0.000,0.000,ERROR,ERROR,ERROR,ERROR,ERROR,ERROR,ERROR,ERROR,ERROR,ERROR,ERROR,ERROR,ERROR,ERROR,ERROR,
11934,Prod,LH2,9.173,5.422,10.260,3.738,-12.400,25.282,12,11,0,78.168,201.695,1.238,51.361,146k,188k,2363k,60367,0.909,2036.234,2036.234,
11938,Prod,LH2,9.173,5.422,10.260,3.738,-12.400,25.482,12,11,0,97.319,246.876,4.700,2.135,6k,8k,365k,152156,0.865,84.417,84.417,
11941,Prod,LH2,9.173,5.422,10.260,3.738,-12.400,31.002,12,11,0,98.366,249.421,4.722,109.118,320k,405k,16300k,8846745,0.877,3523.618,3523.618,
11942,Prod,LH2,9.173,5.422,10.260,3.738,-12.400,33.567,12,11,0,100.937,255.725,4.785,32.835,96k,122k,4683k,2423334,0.875,978.196,978.602,
11943,Prod,LH2,9.173,5.422,10.260,3.738,-12.400,30.888,12,11,0,96.613,248.528,1.797,84.341,241k,310k,4591k,26829,0.875,2734.350,2734.350,
11944,Prod,LH2,9.173,5.422,10.260,3.738,-12.400,33.502,12,11,0,98.163,252.319,1.834,9.844,28k,36k,539k,2804,0.988,293.826,293.826,
11947,Prod,LH2,9.173,5.422,8.265,3.738,-12.400,21.929,13,10,0,64.490,391.704,1.825,32.316,185k,141k,2689k,14374,0.812,1473.616,1473.616,
11948,Prod,LH2,9.173,5.422,8.265,3.738,-12.400,21.893,13,10,0,64.454,391.605,1.825,3.226,19k,14k,269k,1087,0.810,147.341,147.341,
11949,Prod,LH2,9.173,5.422,8.265,3.738,-12.400,21.673,13,10,0,64.426,391.514,1.825,31.688,182k,139k,2645k,14245,0.812,1462.411,1462.411,
11950,Prod,LH2,9.173,5.422,8.265,3.738,-12.400,19.703,13,10,0,64.077,389.838,1.811,29.679,170k,130k,2468k,14789,0.813,1510.678,1510.678,
11951,Prod,LH2,9.173,5.422,8.265,3.738,-12.400,21.799,13,10,0,64.406,391.030,1.824,31.851,183k,139k,2665k,14292,0.816,1461.127,1461.127,
11952,Prod,LH2,9.173,5.422,8.265,3.738,-12.400,19.925,13,10,0,63.991,388.497,1.805,32.239,185k,141k,2680k,15890,0.816,1622.596,1622.596,
11953,Prod,LH2,9.173,5.422,8.265,3.738,-12.400,21.832,13,10,0,64.561,391.362,1.828,32.010,185k,140k,2680k,14343,0.813,1466.192,1466.192,
11954,Prod,LH2,9.173,5.422,8.265,3.738,-12.400,ERROR,ERROR,ERROR,ERROR,ERROR,ERROR,ERROR,ERROR,ERROR,ERROR,ERROR,ERROR,ERROR,ERROR,ERROR,
11955,Prod,LH2,9.173,5.422,8.265,3.738,-12.400,21.378,13,10,0,64.290,389.557,1.814,39.521,228k,173k,3308k,18119,0.812,1849.309,1849.309,
11958,Prod,LH2,9.173,5.422,8.265,3.738,-12.400,21.668,13,10,0,64.484,389.488,1.817,2.266,13k,10k,190k,964,0.820,104.561,104.561,
11959,Prod,LH2,9.173,5.422,8.265,3.738,-12.400,19.749,13,10,0,63.887,386.655,1.800,26.252,152k,115k,2201k,13088,0.817,1332.420,1332.421,
11960,Prod,LH2,9.173,5.422,8.265,3.738,-12.400,21.724,13,10,0,64.717,390.898,1.829,32.069,186k,141k,2700k,14431,0.816,1476.226,1476.226,
11961,Prod,LH2,9.173,5.422,8.265,3.738,-12.400,18.190,13,10,0,64.126,386.623,1.801,32.629,189k,143k,2731k,17696,0.817,1802.332,1802.384,
11962,Prod,LH2,9.173,5.422,8.265,3.738,-12.400,19.716,13,10,0,64.210,387.018,1.808,32.232,188k,142k,2714k,16063,0.815,1638.864,1638.864,
11963,Prod,LH2,9.173,5.422,8.265,3.738,-12.400,16.411,13,10,0,64.180,386.704,1.802,24.762,144k,109k,2077k,14925,0.816,1521.373,1521.373,
11965,Prod,LH2,9.173,5.422,8.265,3.738,-12.400,20.436,13,10,0,64.031,387.788,1.803,33.542,194k,147k,2807k,16071,0.817,1644.363,1644.363,
11966,Prod,LH2,9.173,5.422,8.265,3.738,-12.400,20.756,13,10,0,64.095,387.889,1.801,33.549,194k,147k,2802k,15818,0.818,1618.880,1618.880,
11967,Prod,LH2,9.173,5.422,8.265,3.738,-12.400,19.422,13,10,0,64.063,387.508,1.804,32.184,187k,141k,2699k,16299,0.819,1662.533,1662.554,
11968,Prod,LH2,9.173,5.422,8.265,3.738,-12.400,21.119,13,10,0,64.330,388.431,1.811,32.012,186k,141k,2686k,14885,0.816,1516.627,1516.686,
11969,Prod,LH2,9.173,5.422,8.265,3.738,-12.400,25.636,13,10,0,17.545,77.507,0.137,4.558,4k,2k,18k,1774,0.969,178.941,178.941,
11970,Prod,LH2,9.173,5.422,8.265,3.738,-12.400,31.686,11,9,0,17.569,77.659,0.137,57.593,109k,120k,220k,18093,0.978,1821.932,1821.932,
11971,Prod,LH2,9.173,5.422,8.265,3.738,-12.400,40.608,13,10,0,56.516,385.733,1.642,19.963,54k,46k,807k,4812,0.978,491.605,491.605,
11972,Prod,LH2,9.173,5.422,8.265,3.738,-12.400,27.873,13,10,0,42.350,283.478,0.929,82.905,226k,189k,2546k,29281,0.985,2979.261,2979.261,
11973,Prod,LH2,9.173,5.422,8.265,3.738,-12.400,21.035,13,10,0,39.162,261.211,0.839,3.341,9k,8k,101k,1577,0.847,159.852,159.852,
11974,Prod,LH2,9.173,5.422,8.265,3.738,-12.400,27.391,13,10,0,41.982,280.509,0.918,84.262,230k,192k,2581k,30336,0.984,3082.539,3082.539,
11975,Prod,LH2,9.173,5.422,8.265,3.738,-12.400,29.960,13,10,0,42.682,285.040,0.939,83.850,229k,191k,2581k,27526,0.985,2799.969,2799.969,
11976,Prod,LH2,9.173,5.422,8.265,3.738,-12.400,29.931,13,10,0,42.697,284.900,0.939,83.884,229k,191k,2584k,27583,0.984,2803.925,2803.925,
11977,Prod,LH2,9.173,5.422,8.265,3.738,-12.400,26.776,13,10,0,42.674,284.547,0.935,31.432,86k,72k,965k,11604,0.984,1177.015,1177.015,
11978,Prod,LH2,9.173,5.422,6.255,3.738,-12.400,13.644,13,9,0,20.050,308.257,0.467,44.069,243k,235k,1458k,31804,0.986,3234.937,3234.937,
11979,Prod,LH2,9.173,5.422,6.255,3.738,-12.400,14.214,13,9,0,20.141,309.947,0.470,2.083,11k,11k,69k,1442,0.837,146.551,146.567,
11980,Prod,LH2,9.173,5.422,6.255,3.738,-12.400,12.944,13,9,0,20.018,307.813,0.465,46.598,257k,248k,1537k,35584,0.837,3616.161,3616.161,
11981,Prod,LH2,9.173,5.422,6.255,3.738,-12.400,10.095,13,9,0,20.025,308.028,0.467,16.166,89k,86k,539k,16058,0.835,1627.324,1627.324,
11982,Prod,LH2,9.173,5.422,6.255,3.738,-12.400,6.748,13,9,0,19.052,293.459,0.436,20.637,114k,110k,686k,31674,0.840,3198.369,3198.381,
11983,Prod,LH2,9.173,5.422,6.255,3.738,-12.400,13.848,13,9,0,19.922,307.291,0.465,9.251,51k,49k,306k,6583,0.835,669.676,669.676,
11984,Prod,LH2,9.173,5.422,6.255,3.738,-12.400,12.218,13,9,0,19.409,299.353,0.448,12.507,69k,67k,410k,10148,0.842,1030.693,1030.693,
11985,Prod,LH2,9.173,5.422,6.255,3.738,-12.400,10.615,13,9,0,19.581,302.180,0.450,38.643,213k,206k,1267k,36427,0.839,3694.523,3694.523,
11986,Prod,LH2,9.173,5.422,6.255,3.738,-12.400,6.544,13,9,0,19.862,306.816,0.461,9.122,50k,49k,307k,14506,0.840,1464.341,1464.360,
11987,Prod,LH2,9.173,5.422,6.255,3.738,-12.400,13.075,13,9,0,19.743,304.521,0.456,45.327,249k,241k,1483k,34224,0.837,3479.995,3479.995,
11989,Prod,LH2,9.173,5.422,6.255,3.738,-12.400,11.364,13,9,0,19.109,294.662,0.438,24.015,132k,128k,782k,21039,0.839,2132.988,2132.988,
11990,Prod,LH2,9.173,5.422,6.255,3.738,-12.400,13.158,13,9,0,19.360,298.841,0.441,32.937,181k,175k,1060k,24721,0.843,2509.655,2509.655,
11991,Prod,LH2,9.173,5.422,6.255,3.738,-12.400,30.866,12,9,0,17.780,204.446,0.284,84.069,158k,228k,655k,27033,0.887,2733.135,2733.135,
11992,Prod,LH2,9.173,5.422,6.255,3.738,-12.400,8.964,13,9,0,28.148,397.882,0.804,31.200,366k,324k,2684k,34254,0.833,3496.834,3496.834,
11993,Prod,LH2,9.173,5.422,6.255,3.738,-12.400,8.545,13,9,0,28.151,397.915,0.804,20.271,238k,211k,1746k,23472,0.837,2391.492,2389.491,
11994,Prod,LH2,9.173,5.422,6.255,3.738,-12.400,9.355,13,9,0,28.134,397.561,0.805,1.659,19k,17k,143k,1725,0.838,177.370,177.370,
11995,Prod,LH2,9.173,5.422,6.255,3.738,-12.400,8.689,13,9,0,28.278,399.474,0.810,22.408,263k,233k,1936k,25460,0.837,2594.656,2594.656,
11996,Prod,LH2,9.173,5.422,6.255,3.738,-12.400,8.457,13,9,0,28.340,400.017,0.813,22.830,268k,237k,1976k,26656,0.837,2719.828,2719.828,
11997,Prod,LH2,9.173,5.422,6.255,3.738,-12.400,8.922,13,9,0,28.267,398.735,0.810,28.968,340k,301k,2507k,32009,0.836,3262.360,3262.360,
11998,Prod,LH2,9.173,5.422,6.255,3.738,-12.400,9.243,13,9,0,28.386,399.599,0.813,33.235,391k,345k,2878k,35196,0.834,3599.977,3599.977,
11999,Prod,LH2,9.173,5.422,6.255,3.738,-12.400,9.348,13,9,0,28.300,398.159,0.809,18.534,218k,193k,1603k,19393,0.837,1982.713,1982.713,
12000,Prod,LH2,9.173,5.422,6.255,3.738,-12.400,6.126,13,9,0,28.395,399.015,0.813,8.722,103k,91k,763k,14538,0.833,1474.826,1474.826,
12001,Prod,LH2,9.173,5.422,6.255,3.738,-12.400,9.274,13,9,0,28.439,399.669,0.814,24.052,283k,250k,2086k,25484,0.835,2596.414,2596.414,
12002,Prod,LH2,9.173,5.422,6.255,3.738,-12.400,9.329,13,9,0,28.494,400.143,0.817,24.578,290k,255k,2136k,25842,0.832,2636.014,2636.014,
12003,Prod,LH2,9.173,5.422,6.255,3.738,-12.400,9.350,13,9,0,28.503,400.127,0.817,15.030,178k,156k,1307k,15744,0.834,1608.359,1608.359,
12017,Prod,LH2,9.173,5.422,6.255,3.738,-12.400,6.968,13,9,0,28.065,397.189,0.802,4.732,54k,48k,399k,6845,0.986,697.390,697.390,
12018,Prod,LH2,9.173,5.422,6.255,3.738,-12.400,8.483,13,9,0,28.003,402.025,0.808,17.523,200k,180k,1488k,20464,0.986,2084.352,2084.352,
12019,Prod,LH2,9.173,5.422,6.255,3.738,-12.400,9.045,13,9,0,27.580,390.611,0.775,19.458,223k,198k,1609k,21126,0.985,2158.112,2158.112,
12020,Prod,LH2,9.173,5.422,6.255,3.738,-12.400,5.669,13,9,0,27.277,386.531,0.760,5.524,63k,56k,458k,10079,0.986,1020.452,1020.452,
12021,Prod,LH2,9.173,5.422,6.255,3.738,-12.400,9.272,13,9,0,27.260,386.119,0.756,8.684,99k,88k,708k,9172,0.987,936.580,936.580,
12022,Prod,LH2,9.173,5.422,6.255,3.738,-12.400,6.648,13,9,0,23.601,805.877,1.318,2.625,41k,88k,522k,5153,0.947,533.626,533.626,
12026,Prod,LH2,9.173,5.422,6.255,3.738,-12.400,8.370,14,9,0,27.977,950.565,1.820,9.150,104k,111k,1739k,21101,0.912,1104.287,1104.287,
12027,Prod,LH2,9.173,5.422,6.255,3.738,-12.400,8.539,14,9,0,28.067,953.463,1.820,16.079,183k,195k,3051k,18200,0.932,1900.616,1900.616,
12028,Prod,LH2,9.173,5.422,6.255,3.738,-12.400,9.457,14,9,0,28.081,952.904,1.820,15.210,173k,185k,2888k,15331,0.930,1610.345,1610.345,
12029,Prod,LH2,9.173,5.422,6.255,3.738,-12.400,9.509,14,9,0,28.108,953.546,1.825,14.115,161k,172k,2690k,14127,0.931,1485.740,1485.740,
12030,Prod,LH2,9.173,5.422,6.255,3.738,-12.400,9.501,14,9,0,28.195,955.917,1.833,9.433,108k,114k,1795k,9447,0.931,994.327,994.327,
12031,Prod,LH2,9.173,5.422,6.255,3.738,-12.400,9.555,14,9,0,28.036,950.745,1.814,1.270,15k,15k,241k,1236,0.936,132.946,132.946,
12032,Prod,LH2,9.173,5.422,6.255,3.738,-12.400,9.462,14,9,0,28.153,954.568,1.829,9.570,109k,116k,1826k,9627,0.933,1012.785,1012.785,
12034,Prod,LH2,9.173,5.422,6.255,3.738,-12.400,8.543,14,9,0,28.145,954.030,1.826,4.988,57k,60k,949k,5623,0.929,589.679,589.679,
12035,Prod,LH2,9.173,5.422,6.255,3.738,-12.400,8.634,14,9,0,27.544,937.220,1.760,22.083,249k,266k,4094k,24625,0.913,2581.430,2581.430,
12036,Prod,LH2,9.173,5.422,6.255,3.738,-12.400,8.908,14,9,0,27.647,939.961,1.771,21.319,240k,256k,3958k,22908,0.913,2409.019,2409.019,
12037,Prod,LH2,9.173,5.422,6.255,3.738,-12.400,9.550,14,9,0,27.668,940.443,1.769,10.554,119k,127k,1955k,10557,0.911,1105.137,1105.137,
12038,Prod,LH2,9.173,5.422,6.255,3.738,-12.400,7.438,14,9,0,22.206,760.541,1.157,8.263,94k,101k,1255k,10693,0.922,1114.326,1114.326,
12039,Prod,LH2,9.173,5.422,6.255,3.738,-12.400,6.987,14,9,0,22.226,760.372,1.158,17.180,195k,210k,2618k,23934,0.922,2483.805,2483.805,
12040,Prod,LH2,9.173,5.422,6.255,3.738,-12.400,7.194,14,9,0,22.216,759.190,1.157,21.165,241k,258k,3224k,28532,0.938,2964.021,2964.021,
12041,Prod,LH2,9.173,5.422,6.255,3.738,-12.400,6.904,14,9,0,22.265,761.160,1.161,13.442,153k,164k,2053k,19017,0.922,1968.621,1970.622,
12042,Prod,LH2,9.173,5.422,6.255,3.738,-12.400,7.172,14,9,0,22.292,761.796,1.163,11.406,130k,139k,1739k,15403,0.921,1601.912,1601.912,
12043,Prod,LH2,9.173,5.422,6.255,3.738,-12.400,7.285,14,9,0,22.277,760.637,1.161,10.821,123k,132k,1651k,14392,0.920,1492.813,1492.813,
12044,Prod,LH2,9.173,5.422,6.255,3.738,-12.400,7.256,14,9,0,22.349,762.376,1.167,10.263,117k,125k,1572k,13802,0.920,1428.595,1428.595,
12045,Prod,LH2,9.173,5.422,6.255,3.738,-12.400,6.892,14,9,0,22.326,761.136,1.163,9.183,105k,112k,1402k,12990,0.922,1348.850,1348.850,
12046,Prod,LH2,9.173,5.422,6.255,3.738,-12.400,7.683,14,9,0,22.431,765.690,1.176,1.937,22k,24k,296k,2408,0.923,252.103,252.103,
12048,Prod,LH2,9.173,5.422,6.255,3.738,-12.400,27.003,14,9,0,13.540,509.326,0.484,50.231,92k,108k,842k,18225,0.905,1863.464,1863.464,
12049,Prod,LH2,9.173,5.422,6.255,3.738,-12.400,26.337,14,9,0,13.394,504.088,0.477,33.048,60k,71k,553k,12282,0.904,1257.513,1257.513,
12052,Prod,LH2,9.173,5.422,8.255,3.738,-12.400,14.327,13,10,0,41.862,452.558,1.331,25.782,145k,197k,2371k,17520,0.946,1800.433,1800.433,
12053,Prod,LH2,9.173,5.422,8.255,3.738,-12.400,13.040,13,10,0,41.126,444.166,1.299,2.024,11k,15k,185k,1487,0.945,156.117,156.117,
12054,Prod,LH2,9.173,5.422,8.255,3.738,-12.400,12.727,13,10,0,41.651,449.943,1.321,13.621,77k,104k,1251k,10566,0.950,1078.591,1078.591,
12055,Prod,LH2,9.173,5.422,8.255,3.738,-12.400,12.589,13,10,0,41.237,445.122,1.298,16.365,92k,125k,1492k,12802,0.947,1309.805,1309.805,
12056,Prod,LH2,9.173,5.422,8.255,3.738,-12.400,14.038,13,10,0,41.756,450.236,1.325,27.788,157k,212k,2552k,19344,0.950,1981.932,1981.932,
12057,Prod,LH2,9.173,5.422,8.255,3.738,-12.400,14.206,13,10,0,41.983,452.223,1.333,28.977,164k,221k,2670k,19934,0.951,2042.490,2042.490,
12058,Prod,LH2,9.173,5.422,8.255,3.738,-12.400,11.738,13,10,0,41.825,450.565,1.328,15.412,87k,118k,1423k,13008,0.947,1326.385,1326.385,
12062,Prod,LH2,9.173,5.422,8.255,3.738,-12.400,10.692,13,10,0,40.766,444.030,1.283,30.365,170k,232k,2751k,28317,0.951,2888.633,2888.633,
12063,Prod,LH2,9.173,5.422,8.255,3.738,-12.400,1.937,13,10,0,40.999,446.553,1.285,1.115,6k,9k,107k,7680,0.953,773.339,773.339,
12064,Prod,LH2,9.173,5.422,8.255,3.738,-12.400,12.067,13,10,0,40.935,446.062,1.290,23.883,134k,182k,2162k,19521,0.950,1996.324,1996.324,
12065,Prod,LH2,9.173,5.422,8.255,3.738,-12.400,12.319,13,10,0,41.071,443.306,1.293,12.183,69k,93k,1109k,9749,0.952,997.031,997.031,
12066,Prod,LH2,9.173,5.422,8.255,3.738,-12.400,13.248,13,10,0,41.645,449.185,1.318,28.465,161k,217k,2611k,21049,0.950,2156.281,2156.281,
12067,Prod,LH2,9.173,5.422,8.255,3.738,-12.400,29.814,13,10,0,15.451,176.377,0.214,61.715,57k,81k,405k,20614,0.954,2075.250,2083.267,
12068,Prod,LH2,9.173,5.422,10.260,3.738,-12.400,25.618,12,11,0,81.446,314.479,1.834,39.679,111k,215k,2567k,15262,0.952,1552.977,1552.977,
12071,Prod,LH2,9.173,5.422,10.260,3.738,-12.400,27.615,12,11,0,82.737,319.060,1.871,40.950,115k,222k,2666k,14579,0.952,1484.257,1484.257,
12072,Prod,LH2,9.173,5.422,10.260,3.738,-12.400,26.321,12,11,0,83.149,320.195,1.885,45.092,127k,244k,2949k,16848,0.951,1716.348,1716.348,
12073,Prod,LH2,9.173,5.422,10.260,3.738,-12.400,26.570,12,11,0,82.090,315.795,1.853,42.891,121k,233k,2799k,15872,0.951,1617.602,1617.602,
12075,Prod,LH2,9.173,5.422,10.260,3.738,-12.400,21.272,12,11,0,80.722,309.687,1.809,40.886,116k,222k,2658k,19045,0.952,1935.427,1935.427,
12076,Prod,LH2,9.173,5.422,10.260,3.738,-12.400,29.165,12,11,0,84.354,323.188,1.917,34.820,98k,188k,2289k,11665,0.951,1193.875,1193.875,
12077,Prod,LH2,9.173,5.422,10.260,3.738,-12.400,28.021,12,11,0,83.977,321.115,1.905,40.696,115k,220k,2679k,14242,0.951,1453.737,1453.737,
1207,Prod,LH2,0.000,0.000,0.000,0.000,0.000,ERROR,ERROR,ERROR,ERROR,ERROR,ERROR,ERROR,ERROR,ERROR,ERROR,ERROR,ERROR,ERROR,ERROR,ERROR,
12078,Prod,LH2,9.173,5.422,10.260,3.738,-12.400,31.501,12,11,0,17.684,71.217,0.113,28.578,13k,27k,88k,9063,0.965,910.112,910.112,
12300,Prod,LH2,9.173,8.035,7.055,1.026,-47.040,61.469,13,6,0,2.081,365.013,0.062,257.610,238k,336k,237k,41343,0.947,4195.119,4195.119,
12301,Prod,LH2,9.173,8.035,7.055,1.026,-47.040,38.509,13,6,0,2.086,367.067,0.062,86.648,80k,113k,89k,22418,0.945,2265.315,2265.315,
12302,Prod,LH2,9.173,8.035,7.055,1.026,-47.040,42.640,13,6,0,2.029,352.176,0.059,161.318,149k,208k,157k,37636,0.945,3802.548,3802.548,
12303,Prod,LH2,9.173,8.035,7.055,1.026,-47.040,66.128,13,6,0,2.052,357.936,0.060,239.451,220k,309k,212k,35640,0.942,3622.050,3622.050,
12304,Prod,LH2,9.173,8.035,7.055,1.026,-47.040,35.265,10,4,0,0.515,28.934,0.011,127.304,190k,187k,39k,35978,0.972,3614.973,3614.973,
12305,Prod,LH2,9.173,8.035,7.055,1.026,-47.040,45.385,13,0,0,2.029,353.298,0.059,165.759,-5032k,213k,158k,36138,0.950,3668.292,3668.292,
12306,Prod,LH2,9.173,8.035,7.055,1.026,-47.040,63.472,13,6,0,2.032,354.156,0.059,232.858,214k,300k,207k,36170,0.946,3670.980,3670.980,
12307,Prod,LH2,9.173,8.035,7.055,1.026,-47.040,68.440,13,6,0,2.062,361.464,0.059,8.327,8k,11k,7k,1197,0.946,121.663,121.663,
12308,Prod,LH2,9.173,8.035,7.055,1.026,-47.040,34.673,13,6,0,2.028,354.056,0.059,34.831,32k,45k,36k,10023,0.936,1012.945,1012.945,
12309,Prod,LH2,9.173,8.035,7.055,1.026,-47.040,61.241,13,6,0,1.996,348.471,0.058,224.792,206k,290k,201k,36244,0.943,3673.419,3673.419,
12310,Prod,LH2,9.173,8.035,7.055,1.026,-47.040,55.829,13,6,0,1.952,340.530,0.057,136.805,125k,176k,125k,24218,0.941,2454.285,2454.285,
