###### Update this every run, make sure other PS values are set to -1! #########
###### 

#      ......................................................... 6.2GeV HEEP and LUMI runs ..................................................................................................................................

Run	Type	P_SHMS	Theta_SHMS      P_HMS	Theta_HMS	Target	Ebeam	Current	PS1	PS2	PS3	HMS-Rate(kHz)	SHMS-Rate(kHz)	COIN-Rate(kHz)	Charge(mC)	Raw-coin	SHMS_h_tracking	        Comment
7840	Optics	-3.939	9.5		-2.939	13.00		C-1.5%	6.19	20	-1	0	0	-		-		-		-		-		-			!
7841	Lumi	-3.939	11.005		-2.939	13.005		C-1.5%	6.19	30	-1	5	1	47.7		141.5		1.511		0.350		-		0.9868			!
7842	Lumi	-3.939	11.005		-2.939	13.005		Dummy	6.19	30	-1	5	1	31.9		99.1		1.233		0.347		-		-			!
7843	Lumi	-3.939	11.005		-2.939	13.005		LH2	6.19	30	-1	5	1	55.4		171.5		2.086		14.75		2552465		-			!
7844	Lumi	-3.939	11.005		-2.939	13.005		LH2	6.19	15	-1	5	1	27.6		84.6		1.274		6.829		2168245		-			!
7845	Lumi	-3.939	11.005		-2.939	13.005		LH2	6.19	 5	-1	5	1	14.9		44.76		1.047		3.717		3388787		-			!
7846	Lumi	-3.939	11.005		-2.939	13.005		C-1.5%	6.19	 5	-1	5	1	8.55		23.79		1.013		3.510		3385084		-			!
7847	Lumi	-3.939	11.005		-2.939	13.005		C-1.5%	6.19	15	-1	5	1	23.6		69.1		1.121		10.90		3242152		-			!
7848	Heep	-3.939	24.005		-2.939	24.000		LH2	6.19	24	-1	5	2	26.24		81.3		1.191		30.38		3087192		-			! Magnets may be off CHECK RUN CAREFULLY
7849	Heep	-3.939	24.005		-2.939	24.000		LH2	6.19	50	-1	5	2	1.445		4.155		0.997		36.90		 697057		-			! Magnets may be off CHECK RUN CAREFULLY
7852	Heep	3.709	26.005		3.709	26.005		LH2	6.19009	69.884	-1	0	-1	1.395		4.783		-0.996		70.106		1934753.0	0.8834			!
7853	Heep	3.709	26.005		3.709	26.005		LH2	6.19009	66.888	-1	0	-1	1.379		4.619		-0.997		64.875		1833451.0	0.8804			!
7854	Heep	3.709	26.005		3.709	26.005		Dummy	6.19009	35.299	-1	0	-1	1.069		1.682		-0.999		35.013		1156453.0	0.9548			!
7856	Heep	3.491	28.000		3.491	28.000		Dummy	6.19009	40.028	-1	0	-1	1.049		1.621		-0.999		36.673		1095889.0	0.9435			!
7857	Heep	3.491	28.00		3.491	28.00		LH2	6.19009	72.599	-1	0	-1	1.243		4.027		-0.997		95.342		2554144.0	0.879			!
7860	Heep	3.284	30.00		3.284	30.00		LH2	6.19009	69.842	-1	0	-1	1.148		3.336		-0.997		139.275		3186586.0	0.9145			!
7861	Heep	3.284	30.00		3.284	30.00		Dummy	6.19009	40.0	-1	0	-1	1.033		1.518		-0.999		38.617		1099810.0	0.9684			!
7862	Lumi	3.939	13.00		3.939	11.00		LH2	6.19009	68.693	-1	8	-1	176.723		553.351		-9.348		49.731		2123556.0	0.9956			!
7859	lumi	3.486	28.53		3.571	27.25		LH2	6.19009	60.479	-1	0	-1	1.128		3.02		-0.998		116.292		2919327.0	0.882			!
7863	lumi	3.486	13.28		2.185	-27.25		LH2	6.19009	48.72	-1	8	-1	128.495		401.427		-5.354		34.812		1680774.0	0.989			!
7864	Lumi   -3.939	11.00	       -3.939	 13.00		C-1.5%	6.19009	64.379	-1	9	 7	91.867		273.785		-3.146		48.652		1860733.0	0.9921			!
7865	Lumi   -3.439	11.00	       -3.939	 13.00		C-1.5%	6.19009	48.784	-1	 8	 7	57.223		170.053		-2.007		31.699		1693980.0	0.9902			!
7866	Heep	3.486	28.56	       -3.571	 27.27		LH2	6.19009	48.784	 0	-1	 0	57.223		170.053		-2.007		31.699		1693980.0	0.9902			!
7867	Heep	3.486	28.56	       -3.571	-27.27		LH2	6.19009	64.379	 0	-1	 0	91.867		273.785		-3.146		48.652		1860733.0	0.9921			!
7868	Heep	3.486	28.56	       -3.571	-27.27		Dummy	6.19009	64.379	 0	-1	 0	91.867		273.785		-3.146		48.652		1860733.0	0.9921	

#      .........................................................Q2 = 3.0, W = 2.32, X = 0.40, low epsilon, theta(SHMS = 13.30 deg, centre) ......................................................................................

Run	Type	P_SHMS	Theta_SHMS      P_HMS	Theta_HMS	Target	Ebeam	Current	PS1	PS3	PS5	HMS-Rate(kHz)	SHMS-Rate(kHz)	COIN-Rate(kHz)	Charge(mC)	Raw-coin	SHMS_h_tracking	        Comment
7869	Prod	3.486	13.28		2.185	-27.25		LH2	6.19009	50.789	11	6	0	2.356		84.5		0.029		198.331		804747.0	0.9902			!JUNK
7870	Prod	3.486	13.28		2.185	-27.25		LH2	6.19009	50.789	11	6	0	2.356		84.5		0.029		198.331		804747.0	0.9902			!JUNK
7871	Prod	3.486	13.28		2.185	-27.25		LH2	6.19009	71.11	12	5	0	5.052		251.907		0.138		241.648		1942120.0	0.9833			!251
7872	Prod	3.486	13.28		2.185	-27.25		LH2	6.19009	70.483	12	5	0	4.567		227.608		0.125		234.072		1884232.0	0.9817			!236
7873	Prod	3.486	13.28		2.185	-27.25		LH2	6.19009	71.184	12	5	0	4.956		247.184		0.135		222.282		1784615.0	0.985			!217
7874	Prod	3.486	13.28		2.185	-27.25		LH2	6.19009	72.044	12	5	0	5.23		260.764		0.142		276.079	        2215118.0	0.985			!289
7875	Prod	3.486	13.28		2.185	-27.25		LH2	6.19009	69.472	12	5	0	4.292		213.834		0.118		221.651		1784567.0	0.9795			!239
7876	Prod	3.486	13.28		2.185	-27.25		LH2	6.19009	69.328	12	5	0	4.531		225.656		0.124		231.678		1863057.0	0.9838			!259
7877	Prod	3.486	13.28		2.185	-27.25		LH2	6.19009	68.27	12	5	0	4.5		224.139		0.122		222.27		1784359.0	0.9834			!231

#      .............................................................................................JUNK DATA.................................................................................................................
Run	Type	P_SHMS	Theta_SHMS      P_HMS	Theta_HMS	Target	Ebeam	Current	PS1	PS3	PS5	HMS-Rate(kHz)	SHMS-Rate(kHz)	COIN-Rate(kHz)	Charge(mC)	Raw-coin	SHMS_h_tracking	        Comment
7878	Prod	3.486	16.28		2.185	-27.25		Dummy	6.19009	40.481	12	 5	 0	1.061		37.51		0.016		10.921		27159.0		0.9961			!JUNK
7879	Prod	3.486	13.28	       -2.185	 27.25		Dummy	6.19009 48.784	12	 5	 0	57.223		170.053		-2.007		31.699		1693980.0	0.9902			!JUNK
7880	Prod	3.486	13.28	       -2.185	 27.25		Dummy	6.19009 48.784	12	 5	 0	57.223		170.053		-2.007		31.699		1693980.0	0.9902			!JUNK
#      .............................................................................................JUNK DATA.................................................................................................................


#      .........................................................Q2 = 3.0, W = 2.32, X = 0.40, low epsilon, theta(SHMS = 16.30 deg, left) ......................................................................................

Run	Type	P_SHMS	Theta_SHMS      P_HMS	Theta_HMS	Target	Ebeam	Current	PS1	PS3	PS5	HMS-Rate(kHz)	SHMS-Rate(kHz)	COIN-Rate(kHz)	Charge(mC)	Raw-coin	SHMS_h_tracking	        Comment
7881	Prod	3.486	16.28		2.185	-27.25		Dummy	6.19009	41.023	6	3	0	1.06		37.445		0.016		55.618		1964349.0	0.9933			!Dummy Tgt
7882	Prod	3.486	16.28		2.185	-27.25		LH2	6.19009	70.254	11	7	0	4.513		90.191		0.064		209.186		755740.0	0.9886			!211
7883	Prod	3.486	16.28		2.185	-27.25		LH2	6.19009	71.226	11	7	0	5.017		100.322		0.071		257.166		924634.0	0.9908			!258
7884	Prod	3.486	16.28		2.185	-27.25		LH2	6.19009	70.846	11	7	0	4.987		99.731		0.07		243.507		876028.0	0.9886			!209
7885	Prod	3.486	16.28		2.185	-27.25		LH2	6.19009	70.713	11	7	0	4.059		81.108		0.059		267.212		972491.0	0.9907			!322
7886	Prod	3.486	16.28		2.185	-27.25		LH2	6.19009	70.194	11	7	0	4.944		98.862		0.07		266.44		961794.0	0.989			!365
7887	Prod	3.486	16.28		2.185	-27.25		LH2	6.19009	70.916	11	7	0	5.116		102.34		0.072		301.65		1087886.0	0.9882			!108
7888	Prod	3.486	16.28		2.185	-27.25		Dummy	6.19009	40.354	9	5	0	0.843		13.283		0.013		71.483		266078.0	0.9918			!Dummy Tgt

#      .........................................................Q2 = 2.115, W = 2.95, X = 0.21, low epsilon, theta(SHMS = 8.48 deg, left) ......................................................................................

Run	Type	P_SHMS	Theta_SHMS      P_HMS	Theta_HMS	Target	Ebeam	Current	PS1	PS3	PS5	HMS-Rate(kHz)	SHMS-Rate(kHz)	COIN-Rate(kHz)	Charge(mC)	Raw-coin	SHMS_h_tracking	        Comment
7891	Prod	4.983	8.48		0.888	-36.15		LH2	6.19009	69.939	12	8	0	12.613		250.769		0.296		252.502		2035395.0	0.9774			!56
7892	Prod	4.983	8.48		0.888	-36.15		LH2	6.19009	69.367	12	8	0	13.073		259.53		0.306		232.898		1873969.0	0.9754			!65
7893	Prod	4.983	8.48		0.888	-36.15		LH2	6.19009	70.866	12	8	0	13.792		274.016		0.324		226.929		1833370.0	0.9741			!46
7894	Prod	4.983	8.48		0.888	-36.15		LH2	6.19009	69.205	12	8	0	10.146		200.78		0.239		195.38		1583104.0	0.9757			!48
7895	Prod	4.983	8.48		0.888	-36.15		LH2	6.19009	69.997	12	8	0	12.441		246.442		0.292		214.419		1733104.0	0.9732			!43
7896	Prod	4.983	8.48		0.888	-36.15		LH2	6.19009	70.447	12	8	0	13.142		260.036		0.309		362.667		2935533.0	0.9754			!87
7897	Prod	4.983	8.48		0.888	-36.15		Dummy	6.19009	40.814	12	8	0	2.59		29.022		0.017		41.312		54413.0	        0.9921			!Dummy Tgt
7898	Prod	4.983	8.48		0.888	-36.15		Dummy	6.19009	40.092	10	6	0	2.291		25.642		0.016		87.38		344195.0	0.9945			!Dummy Tgt
7899	Prod	4.983	8.48		0.888	-36.15		LH2	6.19009	70.76	12	8	0	12.388		245.156		0.293		234.959		1908867.0	0.9737			!57
7900	Prod	4.983	8.48		0.888	-36.15		LH2	6.19009	70.712	12	8	0	13.547		268.005		0.32		260.56		2113461.0	0.9735			!61
7901	Prod	4.983	8.48		0.888	-36.15		LH2	6.19009	70.017	12	8	0	12.756		251.462		0.301		242.663		1972975.0				!57
7902	Prod	4.983	8.48		0.888	-36.15		LH2	6.19009	70.988	12	8	0	13.706		270.541		0.325		240.043		1959093.0	0.9793			!60
7903	Prod	4.983	8.48		0.888	-36.15		LH2	6.19009	70.977	12	8	0	13.59		267.882		0.321		239.039		1946958.0	0.9758			!44
7904	Prod	4.983	8.48		0.888	-36.15		LH2	6.19009	70.802	12	8	0	13.475		265.223		0.319		253.328		2069293.0	0.9741			!56
7905	Prod	4.983	8.48		0.888	-36.15		LH2	6.19009	69.007	12	8	0	9.618		188.614		0.228		181.337		1484614.0	0.9741			!35
7906	Prod	4.983	8.48		0.888	-36.15		LH2	6.19009	70.634	12	8	0	13.057		256.499		0.308		238.326		1945574.0	0.9737			!52
7907	Prod	4.983	8.48		0.888	-36.15		LH2	6.19009	70.202	12	8	0	12.354		242.504		0.293		219.531		1796199.0	0.9761			!51
7908	Prod	4.983	8.48		0.888	-36.15		LH2	6.19009	71.234	12	8	0	12.489		245.293		0.297		141.282		1160573.0				!36

#      .........................................................Q2 = 2.115, W = 2.95, X = 0.21, low epsilon, theta(SHMS = 6.2 deg, centre) ......................................................................................

Run	Type	P_SHMS	Theta_SHMS      P_HMS	Theta_HMS	Target	Ebeam	Current	PS1	PS3	PS5	HMS-Rate(kHz)	SHMS-Rate(kHz)	COIN-Rate(kHz)	Charge(mC)	Raw-coin	SHMS_h_tracking	        Comment
7909	Prod	4.983	6.20		0.888	-36.15		LH2	6.19009	40.078	14	8	0	7.137		372.021		0.257		131.014		1318933.0	0.9683			!36
7910	Prod	4.983	6.20		0.888	-36.15		LH2	6.19009	39.493	14	8	0	7.441		387.48		0.267		55.047		553480.0	0.9693			!12
7911	Prod	4.983	6.20		0.888	-36.15		LH2	6.19009	38.997	14	8	0	5.379		279.932		0.195		77.354		779882.0	0.9644			!25
7912	Prod	4.983	6.20		0.888	-36.15		LH2	6.19009	39.777	14	8	0	3.132		161.658		0.115		28.683		299024.0	0.9629			!14
7913	Prod	4.983	6.20		0.888	-36.15		LH2	6.19009	40.611	14	8	0	5.448		285.22		0.199		76.601		773373.0	0.9626			!4
7914	Prod	4.983	6.20		0.888	-36.15		LH2	6.19009	39.368	14	8	0	6.615		345.438		0.237		117.79		1175875.0	0.9667			!26
7915	Prod	4.983	6.20		0.888	-36.15		LH2	6.19009	38.898	14	8	0	6.016		314.289		0.216		118.783		1187147.0	0.9639			!38
7916	Prod	4.983	6.20		0.888	-36.15		LH2	6.19009	40.076	14	8	0	7.537		395.633		0.271		135.726		1356375.0	0.9677			!33
7917	Prod	4.983	6.20		0.888	-36.15		LH2	6.19009	40.373	14	8	0	7.734		406.406		0.279		146.517		1465148.0	0.9596			!28
7918	Prod	4.983	6.20		0.888	-36.15		LH2	6.19009	38.441	14	8	0	5.733		299.037		0.206		27.966		279437.0	0.9698			!5
7919	Prod	4.983	6.20		0.888	-36.15		LH2	6.19009	40.065	13	7	0	6.611		347.052		0.239		142.475		1435737.0	0.966			!25
7920	Prod	4.983	6.20		0.888	-36.15		LH2	6.19009	40.039	13	7	0	7.722		406.028		0.278		116.507		1169241.0	0.9742			!14
7921	Prod	4.983	6.20		0.888	-36.15		LH2	6.19009	51.579	13	7	0	7.933		418.54		0.287		182.834		1841042.0	0.9655			!39
7922	Prod	4.983	6.20		0.888	-36.15		Dummy	6.19009	48.985	13	7	0	1.068		37.965		0.018		23.781		51840.0		0.9872			!0
7923	Prod	4.983	6.20		0.888	-36.15		Dummy	6.19009	50.789	11	6	0	2.356		84.5		0.029		198.331		804747.0	0.9902			!0
7924	Prod	4.983	6.20		0.888	-36.15		Dummy	6.19009	51.767	11	6	0	2.626		94.329		0.031		100.607		405930.0	0.9901			!0
7925	Prod	4.983	6.20		0.888	-36.15		LH2	6.19009	51.81	13	7	0	7.854		413.675		0.284		170.95		1724492.0	0.9715			!33
7926	Prod	4.983	6.20		0.888	-36.15		LH2	6.19009	52.014	13	7	0	8.078		425.924		0.293		183.094		1845797.0	0.9645			!50
7927	Prod	4.983	6.20		0.888	-36.15		LH2	6.19009	51.272	13	7	0	7.77		408.819		0.281		143.944		1449917.0	0.9643			!43
7928	Prod	4.983	6.20		0.888	-36.15		LH2	6.19009	50.773	13	7	0	4.757		249.905		0.176		72.459		739111.0	0.9611			!19
7929	Prod	4.983	6.20		0.888	-36.15		LH2	6.19009	39.795	13	7	0	2.087		106.522		0.078		3.421		35039.0		0.9611		        !3 Junk run - no beam
7930	Prod	4.983	6.20		0.888	-36.15		LH2	6.19009	40	13	7	0	7.552		393.849		0.268		13.966		139498.0	0.9685			!2 BCM current reporting incorrectly. Analysis reports ~50 actually 40.
7931	Prod	4.983	6.20		0.888	-36.15		LH2	6.19009	50.557	13	7	0	7.781		405.786		0.273		175.929		1736654.0	0.9724			!37 current 40 uA
7932	Prod	4.983	6.20		0.888	-36.15		LH2	6.19009	51.692	13	7	0	7.834		412.628		0.284		171.455		1727261.0	0.9663			!32 Beam current actually 40 uA
7933	Prod	4.983	6.20		0.888	-36.15		LH2	6.19009	51.628	13	7	0	7.29		383.944		0.264		168.158		1694333.0	0.9644			!38 Beam current still 40 uA
7934	Prod	4.983	6.20		0.888	-36.15		LH2	6.19009	51.435	13	7	0	7.762		408.587		0.281		176.0		1770693.0	0.9624			!40 current 40 uA
7935	Prod	4.983	6.20		0.888	-36.15		LH2	6.19009	51.262	13	7	0	7.118		374.216		0.258		158.969		1602371.0	0.9644			!26 40 uA
7936	Prod	4.983	6.20		0.888	-36.15		LH2	6.19009	51.345	13	7	0	7.469		392.499		0.27		151.628		1527861.0	0.9684			!32 Current is 40uA
7937	Prod	4.983	6.20		0.888	-36.15		LH2	6.19009	51.324	13	7	0	6.755		354.462		0.245		164.136		1657065.0	0.9712			!37 40uA
7938	Prod	4.983	6.20		0.888	-36.15		LH2	6.19009	51.916	13	7	0	7.314		384.007		0.266		143.332		1451645.0	0.9626			!38 current 40 uA

#      .................................................................................8.2 GeV Setup, HEEP and LUMI Runs........................................................................................................

Run	Type	P_SHMS	Theta_SHMS      P_HMS	Theta_HMS	Target	Ebeam	Current	PS2	PS3	PS5	HMS-Rate(kHz)	SHMS-Rate(kHz)	COIN-Rate(kHz)	Charge(mC)	Raw-coin	SHMS_h_tracking	        Comment
7947	Sieve	5.745	9.51		5.745	-12.97		C-1.5%	8.2	25.738	0	0	-1	1.459		10.688		0.999		10.611		1818717.0	0.9937			!

7948	Lumi	5.745	9.51		5.745	-12.97		C-1.5%	8.2	62.861	9	6	-1	29.904		246.941		1.672		53.547		1251383.0	0.9824			!
7949	Lumi	5.745	9.51		5.745	-12.97		C-1.5%	8.2	45.381	9	5	-1	21.25		175.023		1.366		40.461		1394540.0	0.9915			!
7950	Lumi	5.745	9.51		5.745	-12.97		C-1.5%	8.2	29.685	8	5	-1	13.985		113.89		1.14		24.702		1180153.0	0.9844			!
7951	Lumi	5.745	9.51		5.745	-12.97		C-1.5%	8.2	15.439	7	4	-1	7.116		54.655		1.031		11.651		1144477.0	0.9942			!
7952	Lumi	5.745	9.51		5.745	-12.97		C-1.5%	8.2	5.126	7	4	-1	3.011		18.696		1.003		3.924		451148.0	0.9935			!
7953	Lumi	5.745	9.51		5.745	-12.97		C-1.5%	8.2	72.783	7	4	-1	--		--		--		--		--		--			!JUNK
7954	Lumi	5.745	9.51		5.745	-12.97		LH2	8.2	64.625	10	7	-1	55.381		425.793		3.663		63.562		1359756.0	0.9864			!
7955	Lumi	5.745	9.51		5.745	-12.97		LH2	8.2	72.783	7	4	-1	--		--		--		--		--		--			!JUNK
7956	Lumi	5.745	9.51		5.745	-12.97		LH2	8.2	44.548	9	6	-1	30.666		236.832		2.05		18.359		777460.0	0.988			!
7957	Lumi	5.745	9.51		5.745	-12.97		LH2	8.2	48.787	9	6	-1	35.625		276.776		2.2		22.352		953327.0	0.9878			!
7958	Lumi	5.745	9.51		5.745	-12.97		LH2	8.2	29.99	9	6	-1	26.929		211.866		1.536		29.022		1290680.0	0.9905			!
7959	Lumi	5.745	9.51		5.745	-12.97		LH2	8.2	15.433	8	5	-1	12.772		98.311		1.118		13.994		1275890.0	0.9942			!
7960	Lumi	5.745	9.51		5.745	-12.97		LH2	8.2	5.155	6	3	-1	5.523		38.797		1.013		4.969		1788014.0	0.9776                  !
7961	Lumi	5.745	9.51		5.745	-12.97		Dummy	8.2	39.74	8	4	-1	12.248		105.379		1.112		38.051		1764204.0	0.9879                  !

7962	Heep	5.745	18.00		5.745	-18.00		LH2	8.2	67.636	3	1	-1	1.697		4.783		0.012		88.405		2020750.0	0.8325			!
7963	Heep	5.745	18.00		5.745	-18.00		Dummy	8.2	39.018	0	0	-1	0.241		0.685		0.01		26.39		717820.0	0.8468			!
7964	Heep	5.372	20.00		5.372	-20.00		LH2	8.2	69.549	2	0	-1	0.862		2.749		0.011		69.313		1391671.0	0.7475			!
7965	Heep	5.372	20.00		5.372	-20.00		Dummy	8.2	40.076	0	0	-1	0.172		0.53		0.01		44.703		607795.0	0.8379			!
7966	Heep	5.013	22.00		5.013	-22.00		LH2	8.2	68.343	1	0	-1	0.422		1.487		0.01		65.978		902953.0	0.7673			!
7967	Heep	5.013	22.00		5.013	-22.00		Dummy	8.2	38.336	0	0	-1	0.074		0.228		0.01		34.046		266508.0	0.8426			!
7968	Heep	4.672	24.00		4.672	-24.00		LH2	8.2	50.428	0	0	-1	0.071		0.254		0.01		55.835		779260.0	0.779			!
7969	Heep	4.672	24.00		4.672	-24.00		Dummy	8.2	39.553	0	0	-1	0.051		0.161		0.01		56.207		274829.0	0.8727			!
7970	Heep	4.352	26.00		4.352	-26.00		LH2	8.2	64.228	0	0	-1	0.097		0.389		0.01		166.325		1444668.0	0.7906			!
7971	Heep	4.352	26.00		4.352	-26.00		Dummy	8.2	39.66	0	0	-1	0.041		0.132		0.01		18.047		59658.0		0.8914			!
7972	Heep	4.352	26.00		4.352	-26.00		Dummy	8.2	40.364	0	0	-1	0.042		0.135		0.01		49.302		161712.0	0.8984			!
7973	JUNK	4.352	26.00		4.352	-26.00		JUNK	8.2	40.364	0	0	-1	0.042		0.135		0.01		49.302		161712.0	0.8984			!

#      .................................................................................8.2 GeV Setup, Heep Coin Data........................................................................................................

Run	Type	P_SHMS	Theta_SHMS      P_HMS	Theta_HMS	Target	Ebeam	Current	PS2	PS3	PS5	HMS-Rate(kHz)	SHMS-Rate(kHz)	COIN-Rate(kHz)	Charge(mC)	Raw-coin	SHMS_h_tracking	        Comment
7974	Heep	4.371	25.775		4.672	-24.00		LH2	8.186	70.515	0	0	0	0.116		1.685		0.014		107.824		5529194.0	0.9029			!
7975	Heep	4.371	25.775		4.672	-24.00		LH2	8.186	69.056	0	0	0	0.229		3.459		0.018		90.941		4651893.0	0.9054			!
7976	Heep	4.371	25.775		4.672	-24.00		LH2	8.186	69.42	0	0	0	0.221		3.346		0.018		213.164		10884746.0	0.8798			!
7977	Heep	4.371	25.775		4.672	-24.00		Dummy	8.186	40.213	0	0	0	0.055		0.775		0.01		42.505		972874.0	0.9676			!


#     .....................................................................8.2 GeV Setup, Physics Data, Q2 = 4.4, W = 2.74, x =0.40 and low epsilon .......................................................................

Run	Type	P_SHMS	Theta_SHMS      P_HMS	Theta_HMS	Target	Ebeam	Current	PS1	PS3	PS5	HMS-Rate(kHz)	SHMS-Rate(kHz)	COIN-Rate(kHz)	Charge(mC)	Raw-coin	SHMS_h_tracking	        Comment
7978	Prod	5.389	10.005		2.328	-27.77		LH2	8.210	64.794	13	6	0	2.451		171.798		0.063		214.524		751355.0	0.9798			!151
7979	Prod	5.389	10.005		2.328	-27.77		LH2	8.210	68.145	13	6	0	2.881		202.598		0.074		240.132		837361.0	0.9775			!176
7980	Prod	5.389	10.005		2.328	-27.77		LH2	8.210	67.691	13	6	0	2.885		202.924		0.074		214.37		747243.0	0.983			!160
7981	Prod	5.389	10.005		2.328	-27.77		LH2	8.210	61.378	13	6	0	2.196		153.19		0.056		161.841		565471.0	0.9789			!120
7982	Prod	5.389	10.005		2.328	-27.77		LH2	8.210	62.979	13	6	0	2.156		150.397		0.055		169.908		593298.0	0.9817			!130
7983	Prod	5.389	10.005		2.328	-27.77		LH2	8.210	62.802	13	6	0	2.501		174.203		0.062		187.538		647141.0	0.9811			!132
7984	Prod	5.389	10.005		2.328	-27.77		LH2	8.210	58.915	13	6	0	1.906		132.183		0.049		143.949		503333.0	0.983			!121
7985	Prod	5.389	10.005		2.328	-27.77		LH2	8.210	59.324	13	6	0	1.175		81.274		0.034		162.07		591609.0	0.9825			!119
7986	Prod	5.389	10.005		2.328	-27.77		LH2	8.210	61.473	13	6	0	2.162		150.24		0.054		163.603		567794.0	0.981			!131
7987	Prod	5.389	10.005		2.328	-27.77		LH2	8.210	60.189	13	6	0	2.043		141.637		0.052		158.75		551533.0	0.9819			!111
7988	Prod	5.389	10.005		2.328	-27.77		LH2	8.210	65.335	13	6	0	0.686		47.379		0.024		76.21		303951.0	0.9832			!61 no beam for large fraction of the time
7989	Prod	5.389	10.005		2.328	-27.77		LH2	8.210	61.708	13	6	0	2.24		155.51		0.056		135.083		467589.0	0.9832			!93 fairly unstable beam
7990	Prod	5.389	10.005		2.328	-27.77		Dummy	8.210	39.57	10	4	0	0.559		21.729		0.012		50.669		210912.0	0.9920			!
7991	Prod	5.389	10.005		2.328	-27.77		Dummy	8.210	39.78	10	4	0	0.182		7.257		0.011		11.696		55477.0 	0.9919			!5min good beam
7992	Prod	5.389	10.005		2.328	-27.77		Dummy	8.210	39.625	10	4	0	0.638		24.814		0.013		52.025		214430.0	0.9924			!Ended early due to HMS dipole trip
7993	Prod	5.389	10.005		2.328	-27.77		Dummy	8.210	39.883	10	4	0	0.62		24.129		0.012		34.495		142144.0	0.9914			!
7994	Prod	5.389	10.005		2.328	-27.77		LH2	8.210	68.91	12	6	0	2.328		163.454		0.061		98.43		428703.0	0.9847			!72 end early beam down
7995	Prod	5.389	10.005		2.328	-27.77		LH2	8.210	67.542	13	7	0	2.686		188.816		0.069		192.309		535508.0	0.9784			!148
7996	Prod	5.389	10.005		2.328	-27.77		LH2	8.210	68.479	13	7	0	2.942		206.83		0.074		60.322		167360.0	0.9798			!47 beam was off
7997	Prod	5.389	10.005		2.328	-27.77		LH2	8.210	68.915	13	7	0	2.867		201.812		0.073		208.632		581650.0	0.9817			!163
7998	Prod	5.389	10.005		2.328	-27.77		LH2	8.210	66.87	13	7	0	2.909		204.15		0.074		8.828		24485.0		0.9829			!JUNK
7999	Prod	5.389	10.005		2.328	-27.77		LH2	8.210	67.838	12	6	0	2.905		204.235		0.074		183.021		787985.0	0.9796			!138
8000	Prod	5.389	10.005		2.328	-27.77		LH2	8.210	69.377	12	6	0	3.063		215.825		0.078		233.727		1006568.0	0.9812			!176
8001	Prod	5.389	10.005		2.328	-27.77		LH2	8.210	69.898	12	6	0	3.29		231.989		0.083		352.742		1516665.0	0.9836			!264
8002	Prod	5.389	10.005		2.328	-27.77		LH2	8.210	69.067	12	6	0	2.956		208.14		0.075		253.599		1093744.0	0.9848			!201

Run	Type	P_SHMS	Theta_SHMS      P_HMS	Theta_HMS	Target	Ebeam	Current	PS1	PS3	PS5	HMS-Rate(kHz)	SHMS-Rate(kHz)	COIN-Rate(kHz)	Charge(mC)	Raw-coin	SHMS_h_tracking	        Comment
8003	Prod	5.389	13.010		2.328	-27.77		LH2	8.210	68.596	12	6	0	2.328		42.599		0.027		180.185		438937.0	0.9884			!89
8004	Prod	5.389	13.010		2.328	-27.77		LH2	8.210	65.933	12	6	0	2.191		39.97		0.026		159.999		391390.0	0.9885			!79
8005	Prod	5.389	13.010		2.328	-27.77		LH2	8.210	68.837	12	6	0	2.808		51.425		0.03		235.155		564296.0	0.9851			!138
8006	Prod	5.389	13.010		2.328	-27.77		LH2	8.210	68.413	11	6	0	2.716		49.675		0.03		228.774		649728.0	0.9889			!149
8007	Prod	5.389	13.010		2.328	-27.77		LH2	8.210	67.586	11	6	0	2.746		50.165		0.03		218.061		618703.0	0.9879			!138
8008	Prod	5.389	13.010		2.328	-27.77		LH2	8.210	68.041	11	6	0	2.514		45.931		0.028		225.288		642942.0	0.985			!123
8009	Prod	5.389	13.010		2.328	-27.77		LH2	8.210	67.495	11	6	0	2.932		53.526		0.031		228.907		647783.0	0.9866			!116
8010	Prod	5.389	13.010		2.328	-27.77		LH2	8.210	68.946	11	6	0	3.15		57.586		0.033		243.926		687207.0	0.9862			!130
8011	Prod	5.389	13.010		2.328	-27.77		LH2	8.210	68.411	11	6	0	2.924		53.428		0.031		217.279		614187.0	0.9884			!104
8012	Prod	5.389	13.010		2.328	-27.77		LH2	8.210	68.743	11	6	0	3.143		57.412		0.033		220.949		623639.0	0.9831			!119
8013	Prod	5.389	13.010		2.328	-27.77		LH2	8.210	68.429	10	6	0	3.058		55.837		0.032		241.701		890188.0	0.9902			!162
8014	Prod	5.389	13.010		2.328	-27.77		LH2	8.210	67.703	10	6	0	2.691		49.1		0.029		193.19		714996.0	0.9852			!110
8015	Prod	5.389	13.010		2.328	-27.77		LH2	8.210	66.532	10	6	0	2.712		49.376		0.029		193.07		714027.0	0.9889			!102
8016	Prod	5.389	13.010		2.328	-27.77		LH2	8.210	69.488	10	6	0	2.838		51.832		0.031		172.213		636749.0	0.984			!99 stopped because beam ended
8017	Prod	5.389	13.010		2.328	-27.77		Dummy	8.210	39.825	8	4	0	0.705		8.286		0.011		136.855		594732.0	0.9901			!
8018	Prod	5.389	13.010		2.328	-27.77		LH2	8.210	65.876	10	6	0	1.79		32.562		0.023		111.1		420955.0	0.9897			!49
8020	Prod	5.389	13.010		2.328	-27.77		LH2	8.210	68.613	10	6	0	3.008		54.98		0.032		223.047		823740.0	0.982			!129
8021	Prod	5.389	13.010		2.328	-27.77		LH2	8.210	62.839	10	6	0	2.418		43.86		0.027		176.946		656295.0	0.9849			!92
8022	Prod	5.389	13.010		2.328	-27.77		LH2	8.210	69.877	10	6	0	3.093		56.583		0.033		235.45		869610.0	0.9885			!147
8023	Prod	5.389	13.010		2.328	-27.77		LH2	8.210	69.719	10	6	0	3.144		57.549		0.033		235.158		867347.0	0.9883			!159
8024	Prod	5.389	13.010		2.328	-27.77		LH2	8.210	70.0	10	6	0	3.097		56.683		0.033		233.889		864196.0	0.9862			!151 TDC errors
8025	Prod	5.389	13.010		2.328	-27.77		LH2	8.210	70.286	10	6	0	2.964		54.27		0.032		218.253		802663.0	0.9884			!146
8026	Prod	5.389	13.010		2.328	-27.77		LH2	8.210	67.139	10	6	0	1.516		27.592		0.021		79.13		303557.0	0.9855			!45
8027	Prod	5.389	13.010		2.328	-27.77		LH2	8.210	69.243	10	6	0	2.144		39.117		0.026		157.283		592238.0	0.9874			!77
8028	Prod	5.389	13.010		2.328	-27.77		LH2	8.210	68.466	10	6	0	2.809		51.27		0.031		211.372		783435.0	0.986			!117
8029	Prod	5.389	13.010		2.328	-27.77		LH2	8.210	69.679	10	6	0	3.086		56.409		0.033		240.039		886641.0	0.9871			!142
8030	Prod	5.389	13.010		2.328	-27.77		LH2	8.210	70.185	10	6	0	3.255		59.546		0.034		235.859		869899.0	0.992			!150
8031	Prod	5.389	13.010		2.328	-27.77		LH2	8.210	68.764	10	6	0	2.566		46.844		0.029		187.966		699097.0	0.9876			!125
8032	Prod	5.389	13.010		2.328	-27.77		LH2	8.210	68.82	10	6	0	2.87		52.413		0.031		210.45		779259.0	0.987			!126
8033	Prod	5.389	13.010		2.328	-27.77		LH2	8.210	69.637	10	6	0	3.0		54.816		0.032		219.095		809343.0	0.9905			!112
8034	Prod	5.389	13.010		2.328	-27.77		LH2	8.210	69.097	10	6	0	3.011		54.993		0.032		231.974		857041.0	0.9887			!126
8035	Prod	5.389	13.010		2.328	-27.77		LH2	8.210	68.165	10	6	0	2.34		42.721		0.027		189.29		708806.0	0.9873			!111
8036	Prod	5.389	13.010		2.328	-27.77		LH2	8.210	68.718	10	6	0	3.001		54.811		0.032		215.511		796504.0	0.9899			!138
8037	Prod	5.389	13.010		2.328	-27.77		LH2	8.210	67.603	10	6	0	2.398		43.725		0.028		140.592		525537.0	0.9874			!75

#     .....................................................................8.2 GeV Setup, Physics Data, Q2 = 3.0, W = 3.14, x =0.25 and low epsilon .......................................................................

Run	Type	P_SHMS	Theta_SHMS      P_HMS	Theta_HMS	Target	Ebeam	Current	PS1	PS3	PS5	HMS-Rate(kHz)	SHMS-Rate(kHz)	COIN-Rate(kHz)	Charge(mC)	Raw-coin	SHMS_h_tracking	        Comment
8038	Prod	6.0530	6.910		1.8210	-25.895		LH2	8.210	68.521	10	6	0	13.102		615.301		0.752		10.306		375525.0	0.9624			!JUNK
8039	Prod	6.0530	6.910		1.8210	-25.895		LH2	8.210	53.799	13	8	0	9.113		399.693		0.392		155.804		1985106.0	0.9621			!106
8040	Prod	6.0530	6.910		1.8210	-25.895		LH2	8.210	60.637	13	8	0	11.755		527.977		0.562		191.976		2643877.0	0.9516			!141
8041	Prod	6.0530	6.910		1.8210	-25.895		LH2	8.210	59.427	13	8	0	10.049		448.322		0.478		202.001		2774683.0	0.9572			!173
8042	Prod	6.0530	6.910		1.8210	-25.895		LH2	8.210	56.221	13	8	0	8.358		370.014		0.389		96.63		1306967.0	0.9551			!72 
8043	Prod	6.0530	6.910		1.8210	-25.895		LH2	8.210	51.913	13	8	0	5.557		242.174		0.25		13.326		175685.0	0.9596			!JUNK bad beam to no beam
8044	Prod	6.0530	6.910		1.8210	-25.895		LH2	8.210	58.669	13	8	0	11.076		491.562		0.519		194.738		2644395.0	0.9543			!122
8045	Prod	6.0530	6.910		1.8210	-25.895		LH2	8.210	60.462	13	8	0	11.612		518.146		0.554		223.798		3081437.0	0.959			!140
8046	Prod	6.0530	6.910		1.8210	-25.895		LH2	8.210	61.23	13	8	0	12.423		554.83		0.597		214.824		2976910.0	0.957			!169
8047	Prod	6.0530	6.910		1.8210	-25.895		LH2	8.210	60.48	13	8	0	11.684		520.304		0.56		194.687		2692708.0	0.9531			!128
8048	Prod	6.0530	6.910		1.8210	-25.895		LH2	8.210	60.909	13	8	0	11.333		504.829		0.546		94.077		1307850.0	0.9593			!73
8050	Prod	6.0530	6.910		1.8210	-25.895		LH2	8.210	60.585	13	8	0	11.218		499.03		0.537		175.587		2430731.0	0.9543			!153
8051	Prod	6.0530	6.910		1.8210	-25.895		LH2	8.210	61.712	13	8	0	11.209		499.564		0.541		199.966		2785482.0	0.9522			!133
8052	Prod	6.0530	6.910		1.8210	-25.895		LH2	8.210	58.472	13	8	0	9.512		420.245		0.451		146.862		2020482.0	0.9592			!99
8053	Prod	6.0530	6.910		1.8210	-25.895		LH2	8.210	60.412	13	8	0	11.361		503.723		0.544		125.793		1743517.0	0.9508			!81
8054	Prod	6.0530	6.910		1.8210	-25.895		LH2	8.210	9.976	13	8	0	0.966		35.424		0.028		5.254		51550.0		0.9782			!JUNK tripped beam
8055	Prod	6.0530	6.910		1.8210	-25.895		LH2	8.210	40.919	13	8	0	7.801		314.426		0.238		113.889		1145687.0	0.973			!107 40uA begins
8056	Prod	6.0530	6.910		1.8210	-25.895		LH2	8.210	41.067	13	8	0	8.038		324.747		0.246		126.542		1272799.0	0.9726			!103 
8057	Prod	6.0530	6.910		1.8210	-25.895		LH2	8.210	40.765	13	8	0	7.382		297.91		0.226		125.178		1327182.0	0.9659			!115
8058	Prod	6.0530	6.910		1.8210	-25.895		LH2	8.210	40.826	13	8	0	7.716		311.249		0.236		129.321		1504828.0	0.9735			!105
8059	Prod	6.0530	6.910		1.8210	-25.895		LH2	8.210	40.999	13	8	0	7.903		319.02		0.242		130.933		1526661.0	0.9708			!98
8060	Prod	6.0530	6.910		1.8210	-25.895		LH2	8.210	41.137	13	8	0	8.309		335.246		0.254		140.512		1635667.0	0.9718			!105
8061	Prod	6.0530	6.910		1.8210	-25.895		LH2	8.210	40.902	13	8	0	7.987		321.545		0.244		138.577		1615000.0	0.9722			!101
8063	Prod	6.0530	6.910		1.8210	-25.895		LH2	8.210	40.56	13	8	0	4.943		198.441		0.154		85.809		1014172.0	0.9692			!61 long period of no beam
8064	Prod	6.0530	6.910		1.8210	-25.895		LH2	8.210	40.647	13	8	0	7.347		295.184		0.224		147.373		1717148.0	0.9687			!133
8065	Prod	6.0530	6.910		1.8210	-25.895		LH2	8.210	40.778	13	8	0	7.028		282.458		0.216		59.271		691306.0	0.9679			!30
8066	Prod	6.0530	6.910		1.8210	-25.895		LH2	8.210	62.174	13	8	0	8.78		392.764		0.429		27.278		423546.0	0.9586			!JUNK beam trip first 60 uA run
8067	Prod	6.0530	6.910		1.8210	-25.895		LH2	8.210	60.189	13	8	0	9.226		410.745		0.445		180.147		2757315.0	0.9565			!129
8068	Prod	6.0530	6.910		1.8210	-25.895		LH2	8.210	61.114	13	8	0	12.057		537.587		0.581		177.385		2663492.0	0.9578			!106
8069	Prod	6.0530	6.910		1.8210	-25.895		LH2	8.210	56.703	13	8	0	5.685		250.487		0.272		83.98		1247487.0	0.9518			!70
8070	Prod	6.0530	6.910		1.8210	-25.895		LH2	8.210	59.134	13	8	0	10.796		478.328		0.514		94.503		1388250.0	0.9522			!73
8071	Prod	6.0530	6.910		1.8210	-25.895		LH2	8.210	60.794	13	8	0	11.565		514.028		0.557		284.747		4236696.0	0.9539			!171
8073	Prod	6.0530	6.910		1.8210	-25.895		LH2	8.210	58.797	13	8	0	8.533		376.966		0.407		58.465		876802.0	0.9589			!46
8074	Prod	6.0530	6.910		1.8210	-25.895		LH2	8.210	58.23	13	8	0	9.391		414.027		0.447		99.723		1473794.0	0.9581			!73
8075	Prod	6.0530	6.910		1.8210	-25.895		LH2	8.210	59.934	13	8	0	11.092		491.687		0.531		147.195		2207696.0	0.9522			!103 HMS dipole interlocked at the end of the run
8076	Prod	6.0530	6.910		1.8210	-25.895		LH2	8.210	60.505	13	8	0	11.491		509.528		0.552		170.587		2561897.0	0.9576			!120
8077	Prod	6.0530	6.910		1.8210	-25.895		LH2	8.210	59.458	13	8	0	7.197		318.233		0.347		80.611		1209512.0	0.959			!54 HMS-D trip
8078	Prod	6.0530	6.910		1.8210	-25.895		LH2	8.210	61.02	13	8	0	11.373		504.421		0.548		149.917		2258142.0	0.9514			!109
8079	Prod	6.0530	6.910		1.8210	-25.895		LH2	8.210	61.156	13	8	0	11.854		526.641		0.572		154.711		2326998.0	0.9528			!136
8080	Prod	6.0530	6.910		1.8210	-25.895		LH2	8.210	60.9	13	8	0	11.992		531.496		0.576		220.534		3311481.0	0.9517			!124
8081	Prod	6.0530	6.910		1.8210	-25.895		LH2	8.210	61.097	13	8	0	11.797		523.066		0.569		254.68		3837515.0	0.9488			!171
8082	Prod	6.0530	6.910		1.8210	-25.895		LH2	8.210	60.835	13	8	0	11.655		515.85		0.562		206.891		3148013.0	0.9514			!131
8083	Prod	6.0530	6.910		1.8210	-25.895		LH2	8.210	61.448	13	8	0	12.046		533.063		0.581		191.653		2928887.0	0.9536			!140
8084	Prod	6.0530	6.910		1.8210	-25.895		LH2	8.210	60.731	13	8	0	10.338		456.446		0.498		177.094		2709195.0	0.9594			!110
8085	Prod	6.0530	6.910		1.8210	-25.895		Dummy	8.210	40.822	10	6	0	2.955		67.727		0.03		134.753		1144441.0	0.9919			!
8086	Prod	6.0530	6.910		1.8210	-25.895		Dummy	8.210	40.774	10	6	0	2.704		61.912		0.028		123.302		1036260.0	0.9878			!9
8087	Prod	6.0530	6.910		1.8210	-25.895		Dummy	8.210	40.803	10	6	0	2.852		65.362		0.029		180.56		1535281.0	0.9914			!2
8088	Prod	6.0530	6.910		1.8210	-25.895		LH2	8.210	59.094	13	8	0	8.426		369.672		0.403		137.815		2107484.0	0.9646			!89
8089	Prod	6.0530	6.910		1.8210	-25.895		LH2	8.210	60.973	13	8	0	11.731		516.774		0.565		113.382		1735441.0	0.9492			!90
8090	Prod	6.0530	6.910		1.8210	-25.895		LH2	8.210	60.853	13	8	0	11.715		516.064		0.562		211.722		3203343.0	0.9587			!149
8091	Prod	6.0530	6.910		1.8210	-25.895		LH2	8.210	60.736	13	8	0	10.895		479.345		0.523		222.139		3377309.0	0.9611			!139
8092	Prod	6.0530	6.910		1.8210	-25.895		LH2	8.210	59.896	13	8	0	8.846		388.595		0.424		158.727		2424169.0	0.9618			!98
8093	Prod	6.0530	6.910		1.8210	-25.895		LH2	8.210	59.962	13	8	0	10.285		450.836		0.489		168.769		2573934.0	0.9577			!100
8094	Prod	6.0530	6.910		1.8210	-25.895		LH2	8.210	59.567	13	8	0	11.879		518.801		0.56		220.165		3341848.0	0.9577			!159
8095	Prod	6.0530	6.910		1.8210	-25.895		LH2	8.210	59.65	13	8	0	11.597		507.792		0.548		193.911		2937925.0	0.9565			!149
8096	Prod	6.0530	6.910		1.8210	-25.895		LH2	8.210	60.084	13	8	0	11.281		493.552		0.535		222.749		3376388.0	0.9585			!128
8097	Prod	6.0530	6.910		1.8210	-25.895		LH2	8.210	60.661	13	8	0	11.683		511.744		0.557		210.592		3206737.0	0.954			!130
8098	Prod	6.0530	6.910		1.8210	-25.895		LH2	8.210	60.92	13	8	0	11.757		515.076		0.562		202.41		3089257.0	0.9592			!149
8099	Prod	6.0530	6.910		1.8210	-25.895		LH2	8.210	60.398	13	8	0	11.378		497.925		0.545		188.346		2877691.0	0.9563			!136
8101	Prod	6.0530	6.910		1.8210	-25.895		LH2	8.210	61.18	13	8	0	12.718		556.938		0.611		214.803		3307966.0	0.9513			!145
8100	Prod	6.0530	6.910		1.8210	-25.895		LH2	8.210	61.098	13	8	0	12.413		543.627		0.596		200.664		3083795.0	0.9597			!139
8102	Prod	6.0530	6.910		1.8210	-25.895		LH2	8.210	60.95	13	8	0	10.326		451.439		0.498		218.965		3390414.0	0.9489			!154
8103	Prod	6.0530	6.910		1.8210	-25.895		LH2	8.210	61.089	13	8	0	11.991		524.394		0.577		154.992		2408950.0	0.9592			!91
8104	Prod	6.0530	6.910		1.8210	-25.895		LH2	8.210	60.692	13	8	0	11.199		488.552		0.538		164.39		2554646.0	0.9544			!104
8105	Prod	6.0530	6.910		1.8210	-25.895		LH2	8.210	59.953	13	8	0	11.108		483.568		0.531		131.937		2050348.0	0.9554			!96
8106	Prod	6.0530	6.910		1.8210	-25.895		LH2	8.210	61.108	13	8	0	10.181		444.339		0.492		139.146		2178998.0	0.9569			!102
8107	Prod	6.0530	6.910		1.8210	-25.895		LH2	8.210	61.605	13	8	0	12.558		548.448		0.605		189.923		2964416.0	0.9544			!132
8108	Prod	6.0530	6.910		1.8210	-25.895		LH2	8.210	61.365	13	8	0	11.064		482.352		0.534		170.793		2675395.0	0.9536			!110
8109	Prod	6.0530	6.910		1.8210	-25.895		LH2	8.210	61.431	13	8	0	12.237		533.319		0.589		167.665		2628639.0	0.9506			!120
8110	Prod	6.0530	6.910		1.8210	-25.895		LH2	8.210	60.396	13	8	0	12.261		532.702		0.588		78.048		1223161.0	0.9629			!62

#     .....................................................................8.2 GeV Setup, Physics Data, Q2 = 3.0, W = 3.14, x =0.25 and low epsilon .......................................................................

Run	Type	P_SHMS	Theta_SHMS      P_HMS	Theta_HMS	Target	Ebeam	Current	PS1	PS3	PS5	HMS-Rate(kHz)	SHMS-Rate(kHz)	COIN-Rate(kHz)	Charge(mC)	Raw-coin	SHMS_h_tracking	        Comment
8111	Prod	6.0530	9.909		1.8210	-25.895		LH2	8.210	68.659	11	8	0	10.607		106.267		0.148		57.184		473736.0	0.9833			!19
8112	Prod	6.0530	9.909		1.8210	-25.895		LH2	8.210	71.442	11	8	0	14.741		148.225		0.205		239.403		1975307.0	0.9842			!124
8113	Prod	6.0530	9.909		1.8210	-25.895		LH2	8.210	70.635	11	8	0	13.476		135.335		0.188		200.727		1654600.0	0.9831			!116
8116	Prod	6.0530	9.909		1.8210	-25.895		LH2	8.210	67.52	11	8	0	9.954		99.028		0.138		123.848		1026052.0	0.9791			!76
8117	Prod	6.0530	9.909		1.8210	-25.895		LH2	8.210	70.621	11	8	0	14.049		140.49		0.195		236.933		1957991.0	0.9818			!132
8117	Prod	6.0530	9.909		1.8210	-25.895		LH2	8.210	70.621	11	8	0	14.049		140.49		0.195		236.933		1957991.0	0.9818			!132
8118	Prod	6.0530	9.909		1.8210	-25.895		LH2	8.210	69.954	12	8	0	13.51		135.102		0.187		221.954		1604564.0	0.976			!130
8119	Prod	6.0530	9.909		1.8210	-25.895		LH2	8.210	70.975	12	8	0	14.718		147.438		0.204		250.694		1815472.0	0.9806			!133
8120	Prod	6.0530	9.909		1.8210	-25.895		LH2	8.210	71.514	12	8	0	14.918		152.6		0.211		102.964		755679.0	0.9807			!46
8121	Prod	6.0530	9.909		1.8210	-25.895		LH2	8.210	69.539	12	8	0	12.588		125.686		0.175		211.515		1538034.0	0.9842			!113
8122	Prod	6.0530	9.909		1.8210	-25.895		LH2	8.210	68.891	12	8	0	11.907		118.815		0.166		199.208		1447812.0	0.98			!95
8123	Prod	6.0530	9.909		1.8210	-25.895		LH2	8.210	70.83	12	8	0	14.215		142.245		0.198		239.905		1744199.0	0.977			!145
8124	Prod	6.0530	9.909		1.8210	-25.895		LH2	8.210	72.473	12	8	0	10.446		104.793		0.149		61.443		451257.0	0.9819			!40
8123	Prod	6.0530	9.909		1.8210	-25.895		LH2	8.210	70.83	12	8	0	14.215		142.245		0.198		239.905		1744199.0	0.977			!145
8125	Prod	6.0530	9.909		1.8210	-25.895		LH2	8.210	70.287	12	8	0	10.747		107.383		0.152		217.712		1593709.0	0.9826			!119
8126	Prod	6.0530	9.909		1.8210	-25.895		LH2	8.210	70.377	12	8	0	12.5		124.952		0.175		206.077		1501380.0	0.977			!111
8127	Prod	6.0530	9.909		1.8210	-25.895		LH2	8.210	71.004	12	8	0	13.493		134.983		0.188		242.506		1765539.0	0.9788			!118
8128	Prod	6.0530	9.909		1.8210	-25.895		LH2	8.210	70.328	12	8	0	12.595		125.858		0.176		210.99		1538233.0	0.9821			!109
8129	Prod	6.0530	9.909		1.8210	-25.895		LH2	8.210	70.521	12	8	0	12.244		122.327		0.172		216.664		1582610.0	0.9785			!128
8135	Prod	6.0530	9.909		1.8210	-25.895		LH2	8.210	61.498	12	8	0	 9.670		 95.206		0.130		159.917		1147358.0	0.9824			!103
8136	Prod	6.0530	9.909		1.8210	-25.895		LH2	8.210	70.443	12	8	0	12.867		128.567		0.18		213.122		1555596.0	0.9826			!122
8137	Prod	6.0530	9.909		1.8210	-25.895		LH2	8.210	71.706	12	8	0	14.463		144.831		0.202		261.28		1891680.0	0.983			!115
8138	Prod	6.0530	9.909		1.8210	-25.895		LH2	8.210	70.238	12	8	0	13.432		134.08		0.187		249.514		1811978.0	0.9836			!134
8140	Prod	6.0530	9.909		1.8210	-25.895		LH2	8.210	70.485	12	8	0	13.652		136.172		0.19		214.463		1568362.0	0.9779			!117
8141	Prod	6.0530	9.909		1.8210	-25.895		LH2	8.210	69.502	12	8	0	8.786		87.507		0.124		39.853		291921.0				!12
8142	Prod	6.0530	9.909		1.8210	-25.895		LH2	8.210	69.349	12	8	0	12.061		120.139		0.168		197.087		1437744.0	0.9842			!113
8143	Prod	6.0530	9.909		1.8210	-25.895		LH2	8.210	70.25	12	8	0	13.311		132.904		0.185		227.237		1654635.0	0.9799			!125
8144	Prod	6.0530	9.909		1.8210	-25.895		LH2	8.210	70.277	12	8	0	12.974		129.495		0.181		222.642		1624257.0	0.9736			!126
8145	Prod	6.0530	9.909		1.8210	-25.895		LH2	8.210	70.527	12	8	0	14.022		140.001		0.195		234.368		1709878.0	0.9819			!101
8146	Prod	6.0530	9.909		1.8210	-25.895		LH2	8.210	70.568	12	8	0	11.732		117.177		0.165		179.844		1319305.0	0.9778			!95
8147	Prod	6.0530	9.909		1.8210	-25.895		LH2	8.210	58.649	12	8	0	7.63		74.708		0.104		46.432		336044.0	0.9787			!16
8148	Prod	6.0530	9.909		1.8210	-25.895		LH2	8.210	70.567	12	8	0	13.369		133.441		0.187		225.214		1647026.0	0.9796			!130
8149	Prod	6.0530	9.909		1.8210	-25.895		LH2	8.210	70.196	12	8	0	11.842		118.112		0.166		200.469		1468984.0	0.9829			!98
8150	Prod	6.0530	9.909		1.8210	-25.895		LH2	8.210	71.139	12	8	0	13.501		134.835		0.189		229.707		1682862.0	0.9753			!105
8152	Prod	6.0530	9.909		1.8210	-25.895		LH2	8.210	70.93	12	8	0	14.08		140.536		0.196		231.469		1694392.0	0.9817			!127
8153	Prod	6.0530	9.909		1.8210	-25.895		LH2	8.210	71.835	12	8	0	15.184		151.825		0.212		268.191		1963643.0	0.9822			!155
8154	Prod	6.0530	9.909		1.8210	-25.895		LH2	8.210	66.949	12	8	0	4.866		48.286		0.073		39.697		299844.0	0.979			!17
8156	Prod	6.0530	9.909		1.8210	-25.895		LH2	8.210	71.62	12	8	0	14.271		142.647		0.2		230.832		1690591.0	0.9792			!130
8157	Prod	6.0530	9.909		1.8210	-25.895		LH2	8.210	67.599	12	8	0	6.634		66.022		0.097		105.103		783710.0	0.9785			!61
8158	Prod	6.0530	9.909		1.8210	-25.895		LH2	8.210	70.139	12	8	0	11.03		109.962		0.155		202.273		1487048.0	0.9832			!127
8159	Prod	6.0530	9.909		1.8210	-25.895		LH2	8.210	71.226	12	8	0	13.476		134.719		0.188		201.394		1473760.0	0.9785			!114
8160	Prod	6.0530	9.909		1.8210	-25.895		LH2	8.210	70.499	12	8	0	12.163		121.35		0.17		202.934		1485704.0	0.9866			!111
8161	Prod	6.0530	9.909		1.8210	-25.895		Dummy	8.210	39.988	12	8	0	1.82		10.494		0.014		6.207		12692.0		0.9912			!
8162	Prod	6.0530	9.909		1.8210	-25.895		Dummy	8.210	40.86	8	5	0	3.162		18.251		0.017		157.241		2078436.0	0.9908			!
8163	Prod	6.0530	9.909		1.8210	-25.895		Dummy	8.210	40.974	8	5	0	3.161		18.255		0.017		146.309		1927938.0	0.9929			!
8164	Prod	6.0530	9.909		1.8210	-25.895		Dummy	8.210	40.039	8	5	0	2.83		16.34		0.016		126.29		1669463.0	0.9929			!
8165	Prod	6.0530	9.909		1.8210	-25.895		LH2	8.210	69.268	12	8	0	11.351		113.004		0.158		191.372		1396891.0	0.9771			!93
8166	Prod	6.0530	9.909		1.8210	-25.895		LH2	8.210	70.985	12	8	0	14.774		147.729		0.205		245.014		1783577.0	0.9829			!125
8167	Prod	6.0530	9.909		1.8210	-25.895		LH2	8.210	70.952	12	8	0	14.758		147.482		0.205		253.833		1850622.0	0.9772			!118
8168	Prod	6.0530	9.909		1.8210	-25.895		LH2	8.210	70.652	12	8	0	13.588		135.622		0.188		228.823		1667797.0	0.9866			!119
8169    Prod    6.0530  9.909           1.8210  -25.895         LH2     8.210   70.652  12      8       0       14.18           141.433         0.196           242.773         1773850.0       0.9758                  !121
8170	Prod	6.0530	9.909		1.8210	-25.895		LH2	8.210	70.823	12	8	0	14.152		141.188		0.196		251.596		1835281.0	0.9795			!122
8171	Prod	6.0530	9.909		1.8210	-25.895		LH2	8.210	69.751	12	8	0	12.685		126.232		0.176		213.688		1562112.0	0.9839			!99
8172	Prod	6.0530	9.909		1.8210	-25.895		LH2	8.210	70.666	12	8	0	12.878		128.335		0.179		213.264		1558245.0	0.9821			!107
8173	Prod	6.0530	9.909		1.8210	-25.895		LH2	8.210	70.375	12	8	0	14.174		141.151		0.197		234.223		1714054.0	0.9843			!108
8174	Prod	6.0530	9.909		1.8210	-25.895		LH2	8.210	71.185	12	8	0	14.668		146.164		0.204		243.526		1779720.0	0.9807			!138
8175	Prod	6.0530	9.909		1.8210	-25.895		LH2	8.210	71.608	12	8	0	13.264		132.217		0.186		220.115		1609681.0	0.982			!142
8176	Prod	6.0530	9.909		1.8210	-25.895		LH2	8.210	71.159	12	8	0	14.263		142.046		0.199		238.045		1735228.0	0.9762			!165
8177	Prod	6.0530	9.909		1.8210	-25.895		LH2	8.210	70.778	12	8	0	13.518		134.39		0.188		222.797		1629747.0	0.9817			!132
8178	Prod	6.0530	9.909		1.8210	-25.895		LH2	8.210	71.346	12	8	0	14.641		145.716		0.204		241.381		1769504.0	0.9817			!125
8179	Prod	6.0530	9.909		1.8210	-25.895		LH2	8.210	69.975	12	8	0	11.152		110.665		0.156		182.724		1342324.0	0.9827			!99
8180	Prod	6.0530	9.909		1.8210	-25.895		LH2	8.210	71.402	12	8	0	13.934		138.525		0.194		233.195		1699400.0	0.9819			!139
8181	Prod	6.0530	9.909		1.8210	-25.895		LH2	8.210	71.316	12	8	0	10.006		99.347		0.142		34.058		251012.0	0.9809			!18 run ended when accelerator tripped off magnets
8182	Prod	6.0530	9.909		1.8210	-25.895		LH2	8.210	71.565	12	8	0	14.559		144.622		0.202		251.456		1834087.0	0.979			!136
8183	Prod	6.0530	9.909		1.8210	-25.895		LH2	8.210	70.749	12	8	0	11.565		114.687		0.162		191.398		1401568.0	0.9801			!108
8184	Prod	6.0530	9.909		1.8210	-25.895		LH2	8.210	70.406	12	8	0	13.578		134.601		0.189		189.827		1389343.0	0.9779			!90
8185	Prod	6.0530	9.909		1.8210	-25.895		LH2	8.210	70.957	12	8	0	13.698		135.746		0.191		57.218		419796.0	0.9823			!35

#     .....................................................................8.2 GeV Setup, Physics Data, Q2 = 5.5, W = 3.02, x =0.40 and low epsilon .......................................................................

Run	Type	P_SHMS	Theta_SHMS      P_HMS	Theta_HMS	Target	Ebeam	Current	PS1	PS3	PS5	HMS-Rate(kHz)	SHMS-Rate(kHz)	COIN-Rate(kHz)	Charge(mC)	Raw-coin	SHMS_h_tracking	        Comment
8186	Prod	6.755	8.498		0.962	-49.308		LH2	8.210	70.382	12	6	0	2.311		168.876		0.049		130.736		589875.0	0.9829			!2
8187	Prod	6.755	8.498		0.962	-49.308		LH2	8.210	69.944	12	6	0	2.588		189.399		0.052		237.769		1061268.0	0.9758			!
8188	Prod	6.755	8.498		0.962	-49.308		LH2	8.210	69.078	12	6	0	2.401		175.625		0.049		225.298		1005166.0	0.9769			!10
8189	Prod	6.755	8.498		0.962	-49.308		LH2	8.210	69.693	12	6	0	2.274		166.702		0.047		212.305		949852.0	0.978			!8
8190	Prod	6.755	8.498		0.962	-49.308		LH2	8.210	70.511	12	6	0	2.457		181.135		0.05		228.331		1013707.0	0.9801			!12
8191	Prod	6.755	8.498		0.962	-49.308		LH2	8.210	70.277	12	6	0	2.616		192.667		0.053		242.026		1078066.0	0.99			!13
8192	Prod	6.755	8.498		0.962	-49.308		LH2	8.210	69.819	12	6	0	2.468		181.951		0.051		229.37		1016338.0	0.9834			!7
8193	Prod	6.755	8.498		0.962	-49.308		LH2	8.210	69.471	12	6	0	2.389		175.743		0.049		221.139		984730.0	0.9742			!15
8194	Prod	6.755	8.498		0.962	-49.308		LH2	8.210	70.033	12	6	0	2.425		179.018		0.05		225.426		1005275.0	0.985			!18
8195	Prod	6.755	8.498		0.962	-49.308		LH2	8.210	70.741	12	6	0	2.578		190.44		0.053		237.951		1060401.0	0.9756			!15
8196	Prod	6.755	8.498		0.962	-49.308		LH2	8.210	69.81	12	6	0	2.432		179.561		0.05		225.127		1002399.0	0.9854			!15
8197	Prod	6.755	8.498		0.962	-49.308		LH2	8.210	70.816	12	6	0	2.57		190.563		0.052		233.28		1036061.0	0.9798			!10
8198	Prod	6.755	8.498		0.962	-49.308		LH2	8.210	70.259	12	6	0	2.516		186.463		0.052		228.909		1017804.0	0.9771			!16
8199	Prod	6.755	8.498		0.962	-49.308		LH2	8.210	69.983	12	6	0	2.292		169.624		0.048		228.348		1018383.0	0.9834			!10
8200	Prod	6.755	8.498		0.962	-49.308		LH2	8.210	71.199	12	6	0	2.432		180.549		0.05		211.308		940523.0	0.9821			!9
8201	Prod	6.755	8.498		0.962	-49.308		LH2	8.210	69.867	12	6	0	2.106		155.855		0.045		199.924		893778.0	0.9882			!8
8202	Prod	6.755	8.498		0.962	-49.308		LH2	8.210	70.814	12	6	0	1.571		116.313		0.036		110.813		504046.0	0.9761			!9
8203	Prod	6.755	8.498		0.962	-49.308		LH2	8.210	70.519	12	6	0	2.569		190.627		0.053		214.391		951769.0	0.9736			!12
8204	Prod	6.755	8.498		0.962	-49.308		LH2	8.210	70.401	12	6	0	2.39		177.411		0.049		111.292		493666.0	0.9833			!3(fit)
8205	Prod	6.755	8.498		0.962	-49.308		LH2	8.210	69.497	12	6	0	2.196		162.371		0.045		132.979		587397.0	0.9829			!5
8206	Prod	6.755	8.498		0.962	-49.308		LH2	8.210	68.52	12	6	0	2.166		160.088		0.045		235.786		1040390.0	0.9777			!13
8207	Prod	6.755	8.498		0.962	-49.308		LH2	8.210	61.632	12	6	0	1.614		117.38		0.035		151.301		670056.0	0.9813			!11
8208	Prod	6.755	8.498		0.962	-49.308		Dummy	8.210	26.321	9	4	0	0.07		1.619		0.01		1.95		17607.0					!JUNK
8209	Prod	6.755	8.498		0.962	-49.308		Dummy	8.210	38.587	9	4	0	0.465		12.688		0.011		108.125		685209.0	0.9869			!
8210	Prod	6.755	8.498		0.962	-49.308		Dummy	8.210	39.84	9	4	0	0.65		17.877		0.011		138.341		860063.0	0.9889			!
8211	Prod	6.755	8.498		0.962	-49.308		Dummy	8.210	40.16	9	4	0	0.69		19.001		0.011		176.443		1093178.0	0.9871			!
8212	Prod	6.755	8.498		0.962	-49.308		LH2	8.210	69.45	12	6	0	2.122		158.073		0.045		206.137		911803.0	0.985			!15
8213	Prod	6.755	8.498		0.962	-49.308		LH2	8.210	69.082	12	6	0	2.261		168.789		0.047		210.943		928216.0	0.982			!9
8214	Prod	6.755	8.498		0.962	-49.308		LH2	8.210	70.022	12	6	0	2.533		189.886		0.051		259.246		1138031.0	0.9801			!10
8215	Prod	6.755	8.498		0.962	-49.308		LH2	8.210	70.538	12	6	0	2.559		192.138		0.052		264.208		1160742.0	0.9807			!14
8216	Prod	6.755	8.498		0.962	-49.308		LH2	8.210	69.999	12	6	0	2.376		178.198		0.049		223.263		982793.0	0.976			!9
8217	Prod	6.755	8.498		0.962	-49.308		LH2	8.210	68.85	12	6	0	0.988		73.442		0.026		35.142		162129.0	0.9868			!very short run
8218	Prod	6.755	8.498		0.962	-49.308		LH2	8.210	67.201	12	6	0	1.375		102.079		0.032		134.189		603839.0	0.9773			!10
8219	Prod	6.755	8.498		0.962	-49.308		LH2	8.210	39.209	12	6	0	0.583		37.758		0.016		51.275		233944.0	0.9848			!4
8220	Prod	6.755	8.498		0.962	-49.308		LH2	8.210	54.682	12	6	0	1.436		100.796		0.029		135.232		585500.0	0.9849			!11
8221	Prod	6.755	8.498		0.962	-49.308		LH2	8.210	60.213	12	6	0	1.978		141.41		0.037		176.068		754714.0	0.9807			!8
8222	Prod	6.755	8.498		0.962	-49.308		LH2	8.210	61.314	12	6	0	2.052		147.271		0.039		265.22		1138299.0	0.9819			!12
8223	Prod	6.755	8.498		0.962	-49.308		LH2	8.210	62.275	12	6	0	2.126		153.059		0.04		257.788		1106460.0	0.9754			!16
8224	Prod	6.755	8.498		0.962	-49.308		LH2	8.210	65.995	12	6	0	2.165		159.114		0.043		204.388		889272.0	0.9822			!9
8225	Prod	6.755	8.498		0.962	-49.308		LH2	8.210	68.495	12	6	0	2.088		156.037		0.044		226.71		995936.0	0.9775			!11
8226	Prod	6.755	8.498		0.962	-49.308		LH2	8.210	67.122	12	6	0	2.134		158.835		0.044		228.738		1002636.0	0.9822			!16 70 uA
8227	Prod	6.755	8.498		0.962	-49.308		LH2	8.210	68.588	12	6	0	2.197		164.225		0.045		210.347		922098.0	0.9815			!15 70 uA
8228	Prod	6.755	8.498		0.962	-49.308		LH2	8.210	69.524	12	6	0	2.47		185.178		0.05		248.232		1085202.0	0.9818			!13 70 uA
8229	Prod	6.755	8.498		0.962	-49.308		LH2	8.210	69.574	12	6	0	2.433		182.782		0.05		231.277		1012176.0	0.9825			!10
8230	Prod	6.755	8.498		0.962	-49.308		LH2	8.210	68.663	12	6	0	2.382		179.041		0.049		238.423		1042383.0	0.9756			!14
8231	Prod	6.755	8.498		0.962	-49.308		LH2	8.210	70.137	12	6	0	2.46		185.378		0.05		277.524		1216105.0	0.9814			!11
8232	Prod	6.755	8.498		0.962	-49.308		LH2	8.210	70.489	12	6	0	2.533		191.304		0.052		294.295		1289725.0	0.9815			!5
8233	Prod	6.755	8.498		0.962	-49.308		LH2	8.210	68.919	12	6	0	2.259		169.749		0.047		211.225		926566.0	0.9828			!15
8234	Prod	6.755	8.498		0.962	-49.308		LH2	8.210	69.962	12	6	0	2.458		185.362		0.05		170.231		744805.0	0.9835			!10
8235	Prod	6.755	8.498		0.962	-49.308		LH2	8.210	70.287	12	6	0	2.481		187.351		0.051		248.228		1085918.0	0.9834			!14
8236	Prod	6.755	8.498		0.962	-49.308		LH2	8.210	69.546	12	6	0	2.405		181.087		0.049		260.883		1143421.0	0.9834			!17
8237	Prod	6.755	8.498		0.962	-49.308		LH2	8.210	69.551	12	6	0	2.201		165.911		0.046		231.814		1018588.0	0.9794			!13
8238	Prod	6.755	8.498		0.962	-49.308		LH2	8.210	69.585	12	6	0	2.235		168.609		0.047		265.791		1169410.0	0.9735			!17
8239	Prod	6.755	8.498		0.962	-49.308		LH2	8.210	70.143	12	6	0	2.393		180.612		0.05		241.444		1059362.0	0.9795			!7
8240	Prod	6.755	8.498		0.962	-49.308		LH2	8.210	69.126	12	6	0	1.855		139.215		0.04		188.966		835946.0	0.9806			!7
8241	Prod	6.755	8.498		0.962	-49.308		LH2	8.210	71.408	12	6	0	2.433		183.775		0.05		213.552		936197.0	0.9777			!8
8242	Prod	6.755	8.498		0.962	-49.308		LH2	8.210	71.562	12	6	0	2.574		195.126		0.053		336.619		1473990.0	0.976			!29
8243	Prod	6.755	8.498		0.962	-49.308		LH2	8.210	70.096	12	6	0	2.29		172.729		0.048		211.894		931762.0	0.9856			!11
8244	Prod	6.755	8.498		0.962	-49.308		LH2	8.210	70.009	12	6	0	2.288		172.527		0.048		210.954		927153.0	0.9799			!9 by eye
8245	Prod	6.755	8.498		0.962	-49.308		LH2	8.210	69.69	12	6	0	2.22		167.222		0.046		203.536		893951.0	0.9778			!3
8246	Prod	6.755	8.498		0.962	-49.308		LH2	8.210	70.167	12	6	0	2.4		180.941		0.049		161.978		709451.0	0.9824			!8

Run	Type	P_SHMS	Theta_SHMS      P_HMS	Theta_HMS	Target	Ebeam	Current	PS1	PS3	PS5	HMS-Rate(kHz)	SHMS-Rate(kHz)	COIN-Rate(kHz)	Charge(mC)	Raw-coin	SHMS_h_tracking	        Comment
8251	Prod	6.755	6.205		0.962	-49.308		LH2	8.210	35.492	12	4	0	1.296		304.32		0.047		11.016		152885.0	0.987			!JUNK ramping up current
8252	Prod	6.755	6.205		0.962	-49.308		LH2	8.210	49.812	12	4	0	1.682		444.63		0.078		174.921		2567287.0	0.9676			!8
8253	Prod	6.755	6.205		0.962	-49.308		LH2	8.210	49.888	12	4	0	1.732		454.837		0.08		158.495		2318831.0	0.9789			!10 by eye
8254	Prod	6.755	6.205		0.962	-49.308		LH2	8.210	50.234	12	4	0	1.736		459.21		0.081		186.138		2732790.0	0.9699			!16
8255	Prod	6.755	6.205		0.962	-49.308		LH2	8.210	50.386	12	4	0	1.773		470.884		0.083		162.428		2388232.0	0.9739			!6
8256	Prod	6.755	6.205		0.962	-49.308		LH2	8.210	50.793	12	4	0	1.759		468.818		0.083		168.357		2477893.0	0.9681			!13
8257	Prod	6.755	6.205		0.962	-49.308		LH2	8.210	50.453	12	4	0	1.82		485.062		0.085		38.508		566655.0	0.9744			!JUNK SHMS dipole interlock
8262	Prod	6.755	6.205		0.962	-49.308		Dummy	8.210	20.357	-1	0	0	0.036		17.415		0.01		69.197		387558.0				!Optics
8261	Prod	6.755	6.205		0.962	-49.308		Dummy	8.210	20.136	-1	0	0	0.152		100.584		0.011		73.417		2721921.0				!Optics
8263	Prod	6.755	6.205		0.962	-49.308		Dummy	8.210	20.337	-1	0	0	0.043		26.365		0.01		87.797		646205.0				!Optics
8267	Prod	6.755	6.205		0.962	-49.308		LH2	8.210	49.968	12	4	0	1.62		426.431		0.076		150.633		2205725.0	0.9651			!6 fit
8268	Prod	6.755	6.205		0.962	-49.308		LH2	8.210	50.238	12	4	0	1.788		474.161		0.083		169.596		2480858.0	0.9803			!5
8269	Prod	6.755	6.205		0.962	-49.308		LH2	8.210	49.97	12	4	0	1.654		440.218		0.077		142.786		2093889.0	0.9679			!8
8270	Prod	6.755	6.205		0.962	-49.308		LH2	8.210	50.422	12	4	0	1.803		480.607		0.084		183.734		2682064.0	0.9754			!3
8271	Prod	6.755	6.205		0.962	-49.308		LH2	8.210	49.436	12	4	0	1.715		453.923		0.08		178.488		2615682.0	0.9735			!13
8272	Prod	6.755	6.205		0.962	-49.308		LH2	8.210	50.357	12	4	0	1.845		491.071		0.086		178.246		2616122.0	0.9786			!10
8273	Prod	6.755	6.205		0.962	-49.308		LH2	8.210	49.625	12	4	0	1.549		411.171		0.073		158.595		2331597.0	0.9772			!11
8274	Prod	6.755	6.205		0.962	-49.308		LH2	8.210	49.937	12	4	0	1.692		450.113		0.079		187.363		2748053.0	0.9757			!9
8275	Prod	6.755	6.205		0.962	-49.308		LH2	8.210	48.778	12	4	0	1.621		428.355		0.076		154.267		2264706.0	0.9772			!7
8276	Prod	6.755	6.205		0.962	-49.308		LH2	8.210	50.346	12	4	0	1.687		447.868		0.079		146.109		2138557.0	0.9806			!9
8277	Prod	6.755	6.205		0.962	-49.308		LH2	8.210	48.946	12	4	0	1.605		424.866		0.075		150.714		2207212.0	0.9641			!6
8278	Prod	6.755	6.205		0.962	-49.308		LH2	8.210	49.994	12	4	0	1.793		476.936		0.083		180.497		2643186.0	0.9687			!8
8279	Prod	6.755	6.205		0.962	-49.308		LH2	8.210	49.113	12	4	0	1.641		434.599		0.077		148.192		2172469.0	0.9744			!13
8280	Prod	6.755	6.205		0.962	-49.308		LH2	8.210	50.076	12	4	0	1.645		436.031		0.077		158.683		2324523.0	0.975			!11
8281	Prod	6.755	6.205		0.962	-49.308		LH2	8.210	50.08	12	4	0	1.721		457.677		0.08		158.826		2325893.0	0.9713			!6
8282	Prod	6.755	6.205		0.962	-49.308		LH2	8.210	49.225	12	4	0	1.287		340.94		0.063		120.795		1779150.0	0.9757			!6
8284	Prod	6.755	6.205		0.962	-49.308		LH2	8.210	49.628	12	4	0	1.633		433.54		0.077		88.626		1303220.0	0.9764			!7
8285	Prod	6.755	6.205		0.962	-49.308		LH2	8.210	47.524	12	4	0	1.05		276.129		0.052		54.976		809345.0	0.9721			!26
8286	Prod	6.755	6.205		0.962	-49.308		LH2	8.210	49.554	12	4	0	1.71		452.387		0.08		175.963		2575017.0	0.9667			!9 fit
8287	Prod	6.755	6.205		0.962	-49.308		LH2	8.210	47.519	12	4	0	1.421		373.577		0.067		131.325		1925363.0	0.9652			!8 fit
8288	Prod	6.755	6.205		0.962	-49.308		LH2	8.210	48.648	12	4	0	1.385		364.208		0.065		143.752		2108636.0	0.9731			!10 fit
8289	Prod	6.755	6.205		0.962	-49.308		LH2	8.210	48.026	12	4	0	1.569		411.732		0.072		144.387		2110683.0	0.9736			!8 fit
8290	Prod	6.755	6.205		0.962	-49.308		LH2	8.210	48.872	12	4	0	1.588		417.79		0.073		160.042		2334728.0	0.9708			!3 fit
8291	Prod	6.755	6.205		0.962	-49.308		LH2	8.210	46.537	12	4	0	1.503		392.101		0.068		137.271		1996999.0	0.971			!16 fit
8292	Prod	6.755	6.205		0.962	-49.308		LH2	8.210	46.507	12	4	0	1.407		366.798		0.065		130.46		1899071.0	0.9773			!6 fit
8293	Prod	6.755	6.205		0.962	-49.308		LH2	8.210	48.522	12	4	0	1.2		313.968		0.057		133.334		1951029.0	0.9695			!3 or 0 
8294	Prod	6.755	6.205		0.962	-49.308		LH2	8.210	48.796	12	4	0	1.672		439.375		0.076		167.13		2428785.0	0.961			!12
8295	Prod	6.755	6.205		0.962	-49.308		LH2	8.210	49.196	12	4	0	1.776		468.692		0.081		148.41		2157638.0	0.9727			!6
8296	Prod	6.755	6.205		0.962	-49.308		LH2	8.210	49.335	12	4	0	1.727		456.18		0.079		152.111		2217491.0	0.9765			!8
8297	Prod	6.755	6.205		0.962	-49.308		LH2	8.210	49.519	12	4	0	1.658		437.77		0.076		120.725		1760489.0	0.9714			!8
8298	Prod	6.755	6.205		0.962	-49.308		LH2	8.210	48.372	12	4	0	1.489		391.319		0.069		94.02		1372094.0	0.9753			!3

#     .....................................................................	8.2 GeV Setup, Lumi Scan	 .......................................................................

Run	Type	P_SHMS	Theta_SHMS      P_HMS	Theta_HMS	Target	Ebeam	Current	PS1	PS3	PS5	HMS-Rate(kHz)	SHMS-Rate(kHz)	COIN-Rate(kHz)	Charge(mC)	Raw-coin	SHMS_h_tracking	        Comment
8299	Lumi	6.755	6.205		0.962	-49.308		LH2	8.210	45.937	12	4	0	1.47		386.017		0.068		26.014		377545.0	0.9751			!
8300	Lumi	6.755	6.205		0.962	-49.308		LH2	8.210	59.935	12	4	0	2.185		631.851		0.124		37.052		565159.0	0.9651			!
8301	Lumi	6.755	6.205		0.962	-49.308		LH2	8.210	40.356	12	4	0	1.525		366.665		0.055		26.243		364543.0	0.9818			!
8302	Lumi	6.755	6.205		0.962	-49.308		LH2	8.210	24.57	12	4	0	0.786		158.522		0.022		12.249		159752.0	0.992			!
8303	Lumi	6.755	6.205		0.962	-49.308		LH2	8.210	10.029	12	4	0	0.345		56.238		0.012		5.444		69790.0		0.995			!

#     .....................................................................8.2 GeV Setup, Physics Data, Q2 = 5.5, W = 3.02, x =0.40 and low epsilon .......................................................................

Run	Type	P_SHMS	Theta_SHMS      P_HMS	Theta_HMS	Target	Ebeam	Current	PS1	PS3	PS5	HMS-Rate(kHz)	SHMS-Rate(kHz)	COIN-Rate(kHz)	Charge(mC)	Raw-coin	SHMS_h_tracking	        Comment
8304	Prod	6.755	6.205		0.962	-49.308		LH2	8.210	49.887	12	4	0	1.792		474.229		0.082		122.112		1778289.0	0.9724			!5
8305	Prod	6.755	6.205		0.962	-49.308		LH2	8.210	49.405	12	4	0	1.713		452.828		0.079		180.192		2626352.0	0.9729			!11
8306	Prod	6.755	6.205		0.962	-49.308		LH2	8.210	49.772	12	4	0	1.699		450.367		0.079		184.324		2684672.0	0.9704			!5
8307	Prod	6.755	6.205		0.962	-49.308		LH2	8.210	49.107	12	4	0	1.505		396.915		0.07		178.28		2608203.0	0.9729			!9
8308	Prod	6.755	6.205		0.962	-49.308		LH2	8.210	46.718	12	4	0	0.668		173.153		0.036		79.788		1194759.0	0.9755			!10
8309	Prod	6.755	6.205		0.962	-49.308		LH2	8.210	49.565	12	4	0	1.308		345.495		0.063		139.631		2042276.0	0.9751			!10
8310	Prod	6.755	6.205		0.962	-49.308		LH2	8.210	49.193	12	4	0	1.632		431.29		0.076		157.7		2296894.0	0.9711			!8
8311	Prod	6.755	6.205		0.962	-49.308		LH2	8.210	48.833	12	4	0	1.53		403.234		0.071		136.314		1985288.0	0.9714			!10
8312	Prod	6.755	6.205		0.962	-49.308		LH2	8.210	49.315	12	4	0	1.727		456.7		0.079		169.287		2459843.0	0.976			!11
8313	Prod	6.755	6.205		0.962	-49.308		LH2	8.210	48.604	12	4	0	1.559		411.25		0.072		148.87		2166720.0	0.9718			!17
8314	Prod	6.755	6.205		0.962	-49.308		Dummy	8.210	39.912	9	2	0	0.687		69.824		0.014		73.553		1407300.0	0.9927			!
8315	Prod	6.755	6.205		0.962	-49.308		Dummy	8.210	39.434	9	2	0	0.631		64.04		0.014		125.951		2398240.0	0.9885			!
8316	Prod	6.755	6.205		0.962	-49.308		Dummy	8.210	39.938	9	2	0	0.667		67.762		0.014		135.039		2567781.0	0.9924			!
8317	Prod	6.755	6.205		0.962	-49.308		Dummy	8.210	39.891	9	2	0	0.685		69.658		0.014		137.554		2616272.0	0.9918			!
8318	Prod	6.755	6.205		0.962	-49.308		LH2	8.210	48.642	12	4	0	1.569		413.283		0.073		150.27		2188716.0	0.9695			!5
8319	Prod	6.755	6.205		0.962	-49.308		LH2	8.210	48.493	12	4	0	1.44		379.11		0.067		137.01		1994019.0	0.9702			!9 fit
8320	Prod	6.755	6.205		0.962	-49.308		LH2	8.210	49.169	12	4	0	1.735		458.236		0.079		178.435		2587952.0	0.9704			!7 fit
8321	Prod	6.755	6.205		0.962	-49.308		LH2	8.210	49.401	12	4	0	1.778		470.401		0.081		174.838		2534536.0	0.9722			!62 fit
8322	Prod	6.755	6.205		0.962	-49.308		LH2	8.210	48.851	12	4	0	1.733		458.293		0.079		158.808		2302123.0	0.9781			!6 fit
8323	Prod	6.755	6.205		0.962	-49.308		LH2	8.210	49.121	12	4	0	1.237		326.743		0.059		130.801		1906223.0	0.9653			!7 fit
8324	Prod	6.755	6.205		0.962	-49.308		LH2	8.210	49.988	12	4	0	1.758		465.584		0.081		178.05		2586468.0	0.9666			!7 fit
8325	Prod	6.755	6.205		0.962	-49.308		LH2	8.210	50.301	12	4	0	1.843		489.814		0.084		189.774		2751877.0	0.9718			!14 fit
8326	Prod	6.755	6.205		0.962	-49.308		LH2	8.210	49.118	12	4	0	1.677		444.265		0.077		143.812		2087890.0	0.9721			!7 fit
8327	Prod	6.755	6.205		0.962	-49.308		LH2	8.210	49.835	12	4	0	1.768		469.169		0.081		169.827		2462921.0	0.9706			!11
8328	Prod	6.755	6.205		0.962	-49.308		LH2	8.210	49.608	12	4	0	1.619		428.65		0.075		161.832		2351604.0	0.974			!6
8329	Prod	6.755	6.205		0.962	-49.308		LH2	8.210	50.236	12	4	0	1.796		476.364		0.082		168.672		2447434.0	0.9801			!7 by eye
8330	Prod	6.755	6.205		0.962	-49.308		LH2	8.210	49.33	12	4	0	1.731		457.924		0.08		158.787		2305979.0	0.9789			!6
8331	Prod	6.755	6.205		0.962	-49.308		LH2	8.210	49.769	12	4	0	1.802		477.781		0.082		171.727		2490806.0	0.9729			!10 by eye
8332	Prod	6.755	6.205		0.962	-49.308		LH2	8.210	49.595	12	4	0	1.648		435.824		0.076		166.483		2416942.0	0.9731			!10
8333	Prod	6.755	6.205		0.962	-49.308		LH2	8.210	49.355	12	4	0	1.655		437.64		0.076		156.04		2262134.0	0.9831			!9
8334	Prod	6.755	6.205		0.962	-49.308		LH2	8.210	50.217	12	4	0	0.192		48.422		0.017		6.5		106338.0	0.9797			!3 (by eye) beam tripped so may be junk
8335	Prod	6.755	6.205		0.962	-49.308		LH2	8.210	49.496	12	4	0	1.732		457.157		0.079		160.933		2335297.0	0.9707			!7
8336	prod	6.755	6.205		0.962	-49.308		LH2	8.210	49.365	12	4	0	1.721		454.628		0.078		154.868		2241853.0	0.978			!4
8337	Prod	6.755	6.205		0.962	-49.308		LH2	8.210	49.943	12	4	0	1.834		485.206		0.083		161.88		2343386.0	0.9826			!14
8338	Prod	6.755	6.205		0.962	-49.308		LH2	8.210	39.566	12	4	0	1.312		313.694		0.048		123.14		1701563.0	0.9846			!8
8339	Prod	6.755	6.205		0.962	-49.308		LH2	8.210	48.839	12	4	0	1.118		292.937		0.054		113.895		1663315.0	0.9717			!8
8340	Prod	6.755	6.205		0.962	-49.308		LH2	8.210	49.086	12	4	0	1.584		416.507		0.073		158.57		2296029.0	0.9715			!11
8341	Prod	6.755	6.205		0.962	-49.308		LH2	8.210	49.001	12	4	0	1.676		440.584		0.076		153.428		2217993.0	0.9721			!14
8342	Prod	6.755	6.205		0.962	-49.308		LH2	8.210	48.995	12	4	0	1.606		422.387		0.073		170.942		2468303.0	0.9694			!8
8343	Prod	6.755	6.205		0.962	-49.308		LH2	8.210	49.282	12	4	0	1.744		458.842		0.078		149.72		2159938.0	0.9761			!13
8344	Prod	6.755	6.205		0.962	-49.308		LH2	8.210	48.447	12	4	0	1.68		440.589		0.076		63.634		918228.0	0.9773			!10
8345	Prod	6.755	6.205		0.962	-49.308		LH2	8.210	49.352	12	4	0	1.68		441.696		0.076		166.929		2409529.0	0.9821			!21
8346	Prod	6.755	6.205		0.962	-49.308		LH2	8.210	48.258	12	4	0	1.552		406.664		0.071		150.131		2165869.0	0.9696			!7
8347	Prod	6.755	6.205		0.962	-49.308		LH2	8.210	48.711	12	4	0	1.275		334.26		0.06		134.198		1943897.0	0.972			!19
8348	Prod	6.755	6.205		0.962	-49.308		LH2	8.210	49.209	12	4	0	1.406		369.784		0.065		174.784		2531382.0	0.9704			!15
8349	Prod	6.755	6.205		0.962	-49.308		LH2	8.210	48.835	12	4	0	1.403		369.113		0.065		139.499		2016462.0	0.9681			!13
8350	Prod	6.755	6.205		0.962	-49.308		LH2	8.210	49.534	12	4	0	1.795		473.549		0.081		180.568		2604607.0	0.9781			!24
8351	Prod	6.755	6.205		0.962	-49.308		LH2	8.210	49.03	12	4	0	1.664		438.373		0.076		162.813		2346805.0	0.97			!10
8352	Prod	6.755	6.205		0.962	-49.308		LH2	8.210	49.205	12	4	0	1.674		440.867		0.076		194.949		2813269.0	0.9701			!31
8353	Prod	6.755	6.205		0.962	-49.308		LH2	8.210	46.831	12	4	0	1.046		273.021		0.051		102.648		1490958.0	0.9699			!5
8354	Prod	6.755	6.205		0.962	-49.308		LH2	8.210	44.054	12	4	0	0.689		177.153		0.036		47.947		702351.0	0.9767			!4 by eye
8355	Prod	6.755	6.205		0.962	-49.308		LH2	8.210	42.462	12	4	0	0.166		39.843		0.016		3.66		60248.0	        0.9719			!JUNK
8356	Prod	6.755	6.205		0.962	-49.308		LH2	8.210	46.755	12	4	0	1.019		263.866		0.049		76.733		1108331.0	0.9743			!3
