CPULT_scaler,CPULT_scaler_uncern,HMS_eLT,HMS_eLT_uncern,HMS_evts,HMS_evts_uncern,HMS_track,HMS_track_uncern,Ktrack,Ktrack_uncern,SHMS_eLT,SHMS_eLT_uncern,SHMS_evts,SHMS_evts_uncern,SHMS_track,SHMS_track_uncern,TRIG1_cut,TRIG1_scaler,TRIG3_cut,TRIG3_scaler,accp_edtm,charge,etrack,etrack_uncern,hadtrack,hadtrack_uncern,pitrack,pitrack_uncern,ps1,ps3,ptrack,ptrack_uncern,run number,sent_edtm,time
0.1310344049447636,0.00013272465962759685,0.9917377252799425,0.0003988194712647159,110983,333.14111124266844,0.9952070884123929,0.00254703769199609,0.8820360894155669,0.012207705650381165,0.938876049351204,0.0006661481364495522,1929,43.9203825119955,0.869719578080782,0.00646800863067276,700152,54036308902.0,714049,7529748447.0,0.0,3369400.291256981,0.995408460296363,0.004670975610071567,0.881553183861449,0.006763361796493106,0.882439129497953,0.008460812354101645,513,65,0.8820360894155669,0.012207705650381165,5149,681722965.0,68171.093985
0.012882866971528517,0.00014706529142778277,0.9993994366814858,0.000164492832968066,76423,276.4471016306736,0.997865847151973,0.0032613845185550296,0.9932375746790391,0.007094413957804153,0.9979194064206094,0.0002539151605601115,8689,93.2148056909416,0.9868683965141307,0.003707696382178705,484879,2895304123.0,417662,1368883543.0,0.0,447539.50241383596,0.9987955653587184,0.005382388775650301,0.9930605701741717,0.0037804919551886595,0.9930282884169195,0.004698586636400867,33,9,0.9932375746790391,0.007094413957804153,5158,897372245.0,89735.639906
0.003925571938330652,0.0001429795690637968,0.9985258132985106,0.0002253058009784494,117131,342.2440649594964,0.9976469372286915,0.0026203192551019485,0.9923851120394986,0.006127542563708225,0.9941043072482157,0.0003427610019746332,11432,106.92053123698928,0.9863425901399646,0.0032216895274366423,735547,7012403082.0,646026,2344539467.0,0.0,1333547.9583758772,0.9983258394719219,0.004368665901684395,0.9927756009858408,0.0032880611133781143,0.9931308197221799,0.004097142600992778,65,17,0.9923851120394986,0.006127542563708225,5157,950599786.0,95058.29661500001
0.0009434369551332145,0.00013480534334660857,0.9961698441779937,0.0002812652739525867,188313,433.95045800183226,0.996743234534689,0.002074595899736097,0.990061438380918,0.007703163438816482,0.9830499987695567,0.00041850135536535725,7079,84.13679337840253,0.9846231560201714,0.004090293645357471,637676,26199974130.0,1060579,6524953358.0,0.0,5048486.332560596,0.99723497813562,0.003482849367246204,0.991294393269794,0.004185372137625006,0.9917326712072242,0.0052344651064900995,257,33,0.990061438380918,0.007703163438816482,5155,1177539073.0,117751.84006800006
0.001345045955233659,0.00014610973454591482,0.9973010337988925,0.000267130206959701,123984,352.113618026909,0.9973869294470951,0.00254454702667983,0.992390493445593,0.006491912651261892,0.9885223109958614,0.0003983115466652317,9951,99.75469913743412,0.9855346819072345,0.0034292618161202294,790940,14607799005.0,684271,3979567000.0,0.0,2866276.7229870493,0.9978937536058022,0.004272863468479908,0.992219688166096,0.003504845445436425,0.9923596201087062,0.004372827428478045,129,33,0.992390493445593,0.006491912651261892,5156,957518986.0,95750.217934
0.0006568577751140392,0.00015835720507867914,0.9954832294260645,0.0003081955284760047,110314,332.1355145117727,0.996349447930277,0.0026720397927941287,0.9918887244016777,0.007806039020441313,0.9785426034574751,0.0004705675905898288,6824,82.60750571225353,0.9842673403766652,0.0041536102562401795,744344,26316046343.0,614161,6296908362.0,0.0,5000830.973483454,0.9968599539459913,0.0045645530635028365,0.9916891408442953,0.004256546860599565,0.9915604522215021,0.005332945252989117,257,65,0.9918887244016777,0.007806039020441313,5154,1011975055.0,101195.71480900001
0.0024109680839863312,0.0002088071518225945,0.9982111804093382,0.0002787975042761662,87841,296.37982387470305,0.9976523213517992,0.0031027783417055766,0.9925938792912864,0.005588614640024615,0.9917092556918836,0.0004433799684812534,13684,116.97863052711807,0.9846753857138983,0.0029718176928014294,1064361,4957663729.0,451321,1472628557.0,0.0,1430190.7061192193,0.9982205258475068,0.00507155634215168,0.9921595810949422,0.003042599112915883,0.9920658351169828,0.003819165416228705,65,33,0.9925938792912864,0.005588614640024615,5159,514649295.0,51464.02874300001
0.13337648786072365,9.307373667460815e-05,0.9916735255424888,0.0003357828046233475,169451,411.64426389784666,0.9950409516588893,0.0020590384092568138,0.9850419554906968,0.010903905187502953,0.9378902491319174,0.0005628773610406979,3178,56.37375275782161,0.9748702155741311,0.005820669743724633,1068290,109491875980.0,1090161,15219095568.0,0.0,6866030.828317606,0.9947984207947898,0.0037810816923701993,0.9864302003430144,0.006077014944923991,0.9877316936175244,0.007618450220245631,513,65,0.9850419554906968,0.010903905187502953,5150,1276428020.0,127640.55638999988
0.36943934633937825,0.002666471093018603,0.9988206240725337,0.0013756018326252415,3105,55.72252686302013,0.999293161335925,0.01878948388467685,0.9943342776203966,0.03059864566851827,0.9813952713536656,0.0029006883737653292,686,26.19160170741759,0.9894072839800048,0.015305871570847791,37173,13686751.0,11035,1079764.0,0.0,1768.6862914403903,0.9996450124245652,0.026638264715776027,0.9930749605151258,0.0155069551755441,0.9925898480918859,0.019141564497428574,65,9,0.9943342776203966,0.03059864566851827,5177,508106.0,50.809737000000005
0.009194176304967883,0.00012796210724278108,0.9997932097926132,8.828923241499615e-05,40218,200.5442594541165,0.9979287262352199,0.0052296188372754834,0.9931655086000684,0.007508098744781397,0.9970197997694643,0.00024184741321127813,13042,114.20157617125956,0.990589357443207,0.0036393869974604373,447209,7220408377.0,144025,1955132292.0,0.0,790411.8628849783,0.9985734664764622,0.007399278754335804,0.9936363263127643,0.003681706601066,0.9936342414051975,0.0045135241937834395,65,9,0.9931655086000684,0.007508098744781397,5180,1707660370.0,169913.91385899993
0.004792378740958281,0.0001475141930045336,0.9990365960984785,0.00018740316897273017,68334,261.4077275062847,0.9978636148924293,0.0032712726850114894,0.9936826619358747,0.006546776359486747,0.9951215926898394,0.0003132728682136034,9190,95.86448768965492,0.9883376958148566,0.003340332628942934,645261,6877717604.0,419379,2091366886.0,0.0,503493.69897051016,0.9985080744323305,0.005719810311954086,0.9934502787425936,0.003400092656893042,0.9933958743740834,0.004145465337759841,65,17,0.9936826619358747,0.006546776359486747,5166,1108786752.0,110876.71520600001
0.013301341822229085,0.00015363372615646853,0.9997921848584176,0.00010704572908125875,38102,195.19733604739588,0.9979058650221689,0.005365999560044867,0.9938611509570743,0.005528562888253859,0.9970469519742806,0.00028902501294064025,24048,155.07417579984102,0.9908419122319662,0.0026763963660298203,826753,3475610601.0,135869,913740808.0,0.0,379300.5019688206,0.9988168412547255,0.00759030118134025,0.9940058609359738,0.002708093081803447,0.9941449648920097,0.003318544671231306,33,9,0.9938611509570743,0.005528562888253859,5181,793512201.0,79349.835991
0.0015097824500623913,0.00012136779610926635,0.9991696430670578,0.00015907536338169808,103090,321.0763149159402,0.9978837045248413,0.003340929562440461,0.9930345035058894,0.0067675639622524555,0.9801580257374319,0.0004028486663845942,14031,118.4525221343978,0.9899180469662241,0.0032632483959401854,814264,41866634413.0,359885,2992321681.0,0.0,2170127.6889231494,0.9988176976560043,0.004653510881519449,0.9930036668528668,0.0033084109751118445,0.9931747807337516,0.004005786435460159,257,17,0.9930345035058894,0.0067675639622524555,5170,1820467439.0,182043.54162799998
0.006592023815793158,0.00013578268764331605,0.9996531882723814,0.00012990688654494455,65476,255.88278566562465,0.99784861257464,0.004183982774375125,0.9935944681934524,0.005152127952184851,0.9929369578646453,0.0003529549739420075,24752,157.3276835143771,0.9909686768611378,0.0024456968068524735,1052511,8955288294.0,228415,1173380919.0,0.0,444230.15001731255,0.9988670758720979,0.005810437287590969,0.9937644120797537,0.0024730998932834102,0.993937144824441,0.0029767608472533137,65,9,0.9935944681934524,0.005152127952184851,5171,932318051.0,93230.15622400003
0.0563698493315018,0.00011558576647688845,0.9994622283937432,0.0001524914376249363,97984,313.0239607442216,0.998098486080806,0.003344606651406429,0.9936720303742542,0.005058043310651554,0.991861227891581,0.00035835798350579315,28021,167.39474304768356,0.9904859462060188,0.0024738381269320125,1100752,11194799169.0,352054,1486063713.0,0.0,1411154.1742803645,0.9987698072321791,0.004746652393182428,0.9937451282343771,0.0025055781720185197,0.9939474037043422,0.0030806039493839125,65,9,0.9936720303742542,0.005058043310651554,5179,1035889446.0,103587.11438399994
0.2705592931730375,7.931094305244727e-05,0.9989291830442979,0.0002103671983252738,152262,390.2076370344384,0.9978146599291398,0.0026900713981674357,0.9930519889529531,0.004379413762536827,0.9839947348273385,0.00044006223755726413,36283,190.48097017812566,0.9898490184057827,0.00216338064098967,1761553,19100688416.0,543975,1627283709.0,0.0,2461936.551327753,0.9986436030569978,0.0038151346482809987,0.9931847248360006,0.0021939106656691477,0.9932984038016327,0.0027038141817508137,65,9,0.9930519889529531,0.004379413762536827,5178,831262109.0,83124.76284700003
0.0021920578522311995,0.000175405873587635,0.995190458056224,0.0003485681304108809,110539,332.4740591384537,0.9965308717532416,0.0025117991562711517,0.9905865507000424,0.007230976726924575,0.969379035584498,0.0005661394063202386,7175,84.70537173048709,0.9841268673732834,0.003789796283700501,1162283,25676153393.0,685064,4364218202.0,0.0,1844122.2802905224,0.9967616033755274,0.004581994776543387,0.9909199394152656,0.003884768964157994,0.9913683646487356,0.00479546547187356,257,65,0.9905865507000424,0.007230976726924575,5162,626218864.0,62620.77643700003
0.0010250761442121004,0.00013858794202545452,0.9985927092105072,0.00020057259672416996,80057,282.9434572489705,0.9975651259632279,0.003712684290743349,0.9921753912304385,0.007029382216391822,0.9761954600953291,0.00043670701324850867,13739,117.21348045340177,0.9891359478024558,0.0035099942743181903,854151,43705094180.0,286205,3401753398.0,0.0,5649769.360921153,0.9983763734341101,0.0052844509405913466,0.9927268751929211,0.0035667116167260727,0.992924481883131,0.004412840283478895,257,33,0.9921753912304385,0.007029382216391822,5300,1586437772.0,158640.98252200003
0.026058758154362538,0.00012353001609812476,0.9931715847648407,0.0003284867690427241,170472,412.88254988555764,0.9957797329775858,0.002051418469435088,0.9870311793944871,0.009414062340273694,0.9537029610370382,0.0005364720097378674,4353,65.97726881282674,0.9798518632229344,0.004981655898054147,1003553,73260857577.0,1097859,11166309818.0,0.0,4925383.969735813,0.9956023024887607,0.003730034075982693,0.9887716176688638,0.005148450575074361,0.9898962543227365,0.006405903490540744,513,65,0.9870311793944871,0.009414062340273694,5161,1161235595.0,116121.5149900001
-0.8583070522034222,0.00043286042574228797,0.9997581860279862,0.00015648573725312497,86969,294.9050694715165,0.9983645786986376,0.004898096245067549,0,0,0,0,0,0,0,0,197187,1810253318.0,162106,255136798.0,0.0,379684.6271612431,0.9988986361016841,0.005056759378319863,0,0,0,0,0,9,0,0,7952,83859527.0,83858.14314899998
0.0005185399366656185,0.0002010675032741951,0.9976256476633037,0.00028876431251864573,122586,350.12283558774055,0.9969515136313647,0.003098877210984483,0.986966713548992,0.013560200746151227,0.934796713579027,0.0006774531411286711,3260,57.09640969448079,0.9829969449591827,0.006986597108647984,511077,57580697549.0,433561,2255097618.0,0.0,2841519.253452554,0.9982337829158638,0.004340507566405194,0.988403963736032,0.007196941846319779,0.9890900175703837,0.008966057572218505,1025,33,0.986966713548992,0.013560200746151227,5302,697424760.0,69741.24014699999
0.13037659127273138,0.00010850564726177484,0.9992533277255505,0.00018564912428113519,126500,355.6683848755748,0.9978373333692282,0.00299075754559961,0.9925551865157369,0.004726794422969311,0.9887805859302617,0.00041026435687620716,31830,178.4096409950987,0.9895519665483323,0.0023505403231995118,1436192,12399559254.0,445531,1304244290.0,0.0,2403306.135423771,0.9987376858161788,0.004197776690726538,0.993145271386897,0.00238521102076169,0.9933846582441928,0.002959133958061338,65,9,0.9925551865157369,0.004726794422969311,5173,802268441.0,80225.44303000002
-0.7347214435938534,0.0017256032167199628,0.9997822100412719,0.00015675803118107016,950,30.822070014844883,0.9978144067024861,0.013473533595260783,0.9957805907172996,0.045786142666775435,0.9961946702792925,0.00031602287151159326,238,15.427248620541512,0.9832718327183272,0.021902699568716134,16890,4051101392.0,45444,24856219.0,0.0,650955.0617012741,1.0,0.04791879851827602,0.9932625032391811,0.022650452342939265,0.9917572124391157,0.027204866314076502,2049,9,0.9957805907172996,0.045786142666775435,8303,780081.0,77997.67318000006
-0.6329723169742321,0.0010161342028573573,0.9994669089526481,0.00019859686839337164,2230,47.22287581247038,0.9986660568640903,0.008721976238337132,0.9880106571936057,0.029532891889214465,0.9884854534734683,0.00042433943257588714,497,22.293496809607955,0.9792512899330332,0.014586872719046177,45663,11505871752.0,100240,57006279.0,0.0,1508141.6666612416,0.9995029821073559,0.03151658020325457,0.9914948153326343,0.015167543793676418,0.9933012710408794,0.018441271718411638,2049,9,0.9880106571936057,0.029532891889214465,8302,698965.0,69896.54507100003
0.04196972897719575,9.056736952885863e-05,0.9975923113611708,0.00019655682068966696,123420,351.3118272987689,0.9970073875601775,0.0030975509761684956,0.9859294001481116,0.015545643064692019,0.9105484117437233,0.0005497336232893307,2466,49.658836071740545,0.980999900869048,0.008013471924996365,532525,252344935119.0,438067,10802054476.0,0.0,12216581.471230347,0.9982685539113652,0.004344397592797717,0.9876846426441177,0.008299517453673515,0.9885069992919004,0.010347344902955274,1025,33,0.9859294001481116,0.015545643064692019,5303,4248365823.0,424798.87535
0.0006823461454354973,0.0001705721332210279,0.995983968391712,0.000299392617264579,100393,316.8485442605031,0.9967648473238452,0.002812516027492873,0.9916567342073898,0.007976384572174646,0.9838947328676452,0.000426036676044608,6544,80.89499366462674,0.9843894413841546,0.004249044941319108,661211,22016358492.0,555923,5588334187.0,0.0,4240907.267244375,0.997088476074124,0.004768212399016669,0.9913470936583683,0.0043493411863496775,0.9913464866735895,0.005450652099435746,257,65,0.9916567342073898,0.007976384572174646,5299,1132479657.0,113179.42514099999
-0.6088694419139251,0.0006754471793554115,0.9991812021593645,0.00020647568355302074,5131,71.63099887618489,0.99820878181026,0.0056734062243707336,0.9910466851417609,0.020509499477234953,0.9779147380998798,0.0004734546165350305,1011,31.796226191169293,0.9803232607167955,0.010244212341229554,115970,27605340736.0,211846,114883144.0,0.0,3039900.105053025,0.9989149305555556,0.020816378356118933,0.9915648132208642,0.010645019471567093,0.9914850136239782,0.012966524265245308,2049,9,0.9910466851417609,0.020509499477234953,8301,752799.0,75291.20534300001
0.000987629034545301,0.00013253582326115166,0.9984207241824461,0.000221410098176542,199674,446.8489677732287,0.9975264367547552,0.002412283128763431,0.9914972151731866,0.0080668938560332,0.9594469893596825,0.0005230370640876035,9229,96.06768447297978,0.9882456583981141,0.004003452153421814,825622,62066774088.0,701711,2885289890.0,0.0,3129785.036637081,0.9985667671251501,0.0033623738934071543,0.991509076359348,0.004078370658785848,0.9917062504712357,0.00498204514260938,513,17,0.9914972151731866,0.0080668938560332,5169,1168173080.0,116815.237461
-0.3454884221845873,0.0001771315045012474,0.9999619984225704,7.697768747155388e-05,71230,266.88949023893764,0.9820136684681593,0.005275250234956838,0,0,0,0,0,0,0,0,750210,269038825.0,244648,100582317.0,0.0,5361811.956941292,0.9990207956450301,0.005757137243714376,0,0,0,0,0,1,0,0,7859,89244911.0,89243.37373199998
0.026985202610602887,0.00016041015697087967,0.9978078226261748,0.0002725728889150349,155590,394.4489827594945,0.9970902000204064,0.0027431671402064427,0.9894759761939323,0.008452085637323995,0.9367568675846303,0.0006546045223509213,8337,91.30717386930777,0.9858530051900217,0.004267240513765728,1285956,62090499749.0,542107,2421180012.0,0.0,3042147.8707785914,0.9982472877332328,0.0038408277045036683,0.9903258111248311,0.004377708880342447,0.9907253129653931,0.0053927043127736,513,33,0.9894759761939323,0.008452085637323995,5168,754871557.0,75485.83083799997
0.0005694163722554935,0.00011009430963558245,0.9973625618331632,0.00022792231304774547,256378,506.3378318869725,0.9970714745415064,0.0021470353213005537,0.9856379245181146,0.010279607117306447,0.9217052211987052,0.0005440724221463433,5620,74.96665925596525,0.9802554665512015,0.005293106547679529,1114524,200611132874.0,905817,7170080437.0,0.0,9448658.109214129,0.9981615488160736,0.0030015429584024306,0.9867828590682145,0.005479606387726314,0.9877194232642106,0.006829020994311287,1025,33,0.9856379245181146,0.010279607117306447,5167,1960285128.0,196025.05955299982
-0.6161911710042218,0.0006754060235530383,0.999020141489722,0.00022767183141750763,5382,73.3621155638249,0.9985833320639176,0.005513734436158187,0.9897216274089936,0.020534978395990347,0.9703355187434031,0.0005426493358292189,1031,32.109188716004645,0.9783820300624895,0.010438813898271787,125142,29074708340.0,207020,111293871.0,0.0,2973437.996426935,0.9993799090533279,0.020322635930006862,0.9900978286805059,0.01084145173948192,0.990882007763835,0.013345125254811872,2049,9,0.9897216274089936,0.020534978395990347,8299,816994.0,81628.67099899998
0.0024388289458059376,0.00017452381358974963,0.9974702111947207,0.00029224115987662105,102418,320.0281237641467,0.9972706114676635,0.0026502519777184905,0.9928714763497373,0.006149383018859318,0.9855014564729179,0.00047313625865223925,10102,100.5087060905671,0.9865784956988305,0.0031783285934811867,1000190,11722317558.0,629031,2440599286.0,0.0,888285.6849337145,0.9977020171183073,0.004703855815035013,0.9924069088084114,0.0032436294159582458,0.9925249501796733,0.003978379498825226,129,33,0.9928714763497373,0.006149383018859318,5163,657195231.0,65718.37140400002
0.020856445711455618,0.0001120573838439947,0.9986222581341629,0.00017856110497553113,92421,304.00822357298165,0.9975660390865488,0.003447848060358478,0.9919813282802606,0.006757419179001474,0.9714531746251541,0.0004390257650343441,14955,122.2906374175881,0.9888546622333766,0.0033841017083737304,996836,61655634401.0,330986,5190417890.0,0.0,7922513.26632401,0.998482328229909,0.00492214347866615,0.992316162389889,0.003439622163194542,0.9924609041405339,0.004261275981709637,257,33,0.9919813282802606,0.006757419179001474,5301,2678432062.0,267838.47495100007
-0.6145668624721341,0.0005184228203029744,0.9987894686924969,0.00022447121701096645,8213,90.62560344626678,0.9984424757690896,0.004449128301512221,0.9859961807765755,0.017652602124254985,0.9596753719867767,0.0005483540818820143,1361,36.89173349139343,0.9775356811080145,0.00903481543332059,195186,52053125992.0,289879,179696115.0,0.0,4800766.795163804,0.9991797676008203,0.016524965994067234,0.9884256155874335,0.009371858862161766,0.989595297615026,0.011533620438703507,2049,9,0.9859961807765755,0.017652602124254985,8300,790706.0,79066.16094899997
0.8091241423942221,7.865332987633135e-06,0.9968299061643101,0.00024042255804695078,1126261,1061.2544463982235,0.9983645534859927,0.0013276906559157422,0,0,0,0,0,0,0,0,654172,21790327109.0,2215673,7348746403.0,0.0,4794281.724448589,0.9990092813165594,0.0013920488387295274,0,0,0,0,0,2,0,0,7841,165415889.0,165413.00474699997
0.4880663331763603,6.139369672531077e-05,0.9985951671867664,0.0002508062750776734,136880,369.97297198579247,0.9977566895839386,0.002835899993094447,0.9924429426999029,0.004472617691236899,0.9759421766474186,0.0005426901190628384,34320,185.25657883055058,0.9891751630269274,0.002225353846066869,2039917,18720764583.0,485819,1386491328.0,0.0,2413334.7558219032,0.9986782200029373,0.004035583238653574,0.9927197571530065,0.00226067892045989,0.9930317848410758,0.0027937091387993935,65,9,0.9924429426999029,0.004472617691236899,5176,610478785.0,61046.81114299999
0.5485327429972966,4.4475040993827036e-05,0.9985406552438608,0.00022914853431161734,140055,374.2392283018978,0.9975388662245814,0.002801174302319544,0.9922434250524623,0.004402780870508473,0.9705797503350004,0.0005393730870329988,35042,187.19508540557362,0.9888877651951486,0.002202581296727512,2352949,28754652179.0,494475,2147251095.0,0.0,3691372.109427723,0.9983855627752336,0.003993224109153061,0.9926054078187349,0.002239942164026173,0.9928577534953485,0.002772849703794452,65,9,0.9922434250524623,0.004402780870508473,5175,970549264.0,97053.221085
0.0048089440072123235,0.00017853562311986033,0.9916150238660157,0.0003997256213351877,105557,324.89536777245684,0.9948480083192777,0.0025083848381003897,0.986671243063898,0.010589271945510403,0.938263307912208,0.0006671603731733727,3437,58.625932828399414,0.9762698989365216,0.005644552116812537,1285785,54804765009.0,661116,7685460802.0,0.0,3417394.022736481,0.9949059924052978,0.0047935327248950785,0.9877841813103277,0.005891663223935254,0.9888396566048187,0.0073798762410814955,513,129,0.986671243063898,0.010589271945510403,5160,674677793.0,67466.597068
0.7692491509966995,1.2795272367097396e-05,0.9972001388630995,0.0002722988410322943,758487,870.9115913799747,0.9981440174360197,0.0016162629529946706,0,0,0,0,0,0,0,0,463665,10541427638.0,1518159,3469320141.0,0.0,1285297.2169425515,0.9988985926782362,0.0016966153114043776,0,0,0,0,0,2,0,0,7844,160539400.0,160536.457964
0.0005553692257658227,0.00015562331869235449,0.9924555236012237,0.0003505711222088736,92044,303.3875409439221,0.9951231116926371,0.002716612804239429,0.9867608611002948,0.010442876606012572,0.9520608323673955,0.0005529683963084372,3549,59.57348403442592,0.9787926409194089,0.005544795799865217,1045510,69634082189.0,568112,10511445720.0,0.0,4662568.818299231,0.9954131446169976,0.005102013480144854,0.9879104226300724,0.005750432717630325,0.9889267015706806,0.007175625413117352,513,129,0.9867608611002948,0.010442876606012572,5295,1151998554.0,115197.83559299998
-0.9442762440410073,0.00036350194749729223,0.9968431472328236,0.0003643884849521792,205847,453.70364777021575,0.9981456585230171,0.003205192654693318,0,0,0,0,0,0,0,0,384983,13816022538.0,377192,1429673873.0,0.0,1574221.9874446471,0.9989653900974624,0.003315028368342809,0,0,0,0,0,33,0,0,7956,35696546.0,35695.971662
0.40613264131985327,2.430169724268825e-05,0.9989591210947913,0.000169352211446845,1212256,1101.0249770100586,0.9982641448845112,0.0012783225282820697,0,0,0,0,0,0,0,0,762821,9603375657.0,2414914,3205519445.0,0.0,1081553.710283264,0.9989611405564267,0.001338445184077382,0,0,0,0,0,2,0,0,7845,210834638.0,210830.64795399996
0.8686055259955605,5.785656898843648e-06,0.9945921794422127,0.0002991558033399109,915383,956.7564998472704,0.9982862606728842,0.0014714235910641457,0,0,0,0,0,0,0,0,555840,27470935611.0,1848883,8882102865.0,0.0,3244604.5335517284,0.9990405871270568,0.0015485732501762026,0,0,0,0,0,2,0,0,7843,176991414.0,176988.28082500005
-1.0727624280836938,0.0003060897053361125,0.9994397854509853,0.0001905620360412127,255874,505.83989561915735,0.9982056708955741,0.002852034813912832,0,0,0,0,0,0,0,0,578397,5456919968.0,476480,611819866.0,0.0,1164380.2411693507,0.998882409472993,0.0029466299580161903,0,0,0,0,0,9,0,0,7951,79241766.0,79240.283303
0.0007912245153147701,0.00018950944367493105,0.9945447336507112,0.00037237765763650376,127677,357.3191850432887,0.9961595536479632,0.0024717123234513356,0.9910312565179822,0.007667702752586914,0.9776645759392345,0.0005226518101965482,6904,83.09031231136396,0.9834925249169435,0.00410820357113889,876258,18743471234.0,713172,4312208348.0,0.0,3529887.523750451,0.9965982682092702,0.0042542170358704405,0.990642505899094,0.004214316253416198,0.9904843062065047,0.005291587795031643,257,65,0.9910312565179822,0.007667702752586914,5298,568555489.0,56854.548840999996
-1.0717066354993108,0.00032681664556212785,0.9989790451342088,0.00022647736166390476,282649,531.6474395687428,0.998304702879789,0.002714432103882259,0,0,0,0,0,0,0,0,605004,9559998087.0,528036,1012858036.0,0.0,2051826.1110778577,0.9991073579770994,0.0028087208751548924,0,0,0,0,0,17,0,0,7950,72845373.0,72844.11926499997
0.711074679494311,1.1341052527251537e-05,0.9978886786008088,0.00020825789296141355,1131380,1063.6634806178126,0.9982221180240112,0.0013309290428917108,0,0,0,0,0,0,0,0,702845,17977361944.0,2218498,5790774201.0,0.0,5636049.053052084,0.9989504990217255,0.0013910738910211386,0,0,0,0,0,2,0,0,7842,205672173.0,205668.45072199995
-0.9487270345386991,0.00037648801448505976,0.9969115155804741,0.00036649292802432823,252350,502.3445033042563,0.9982369312529122,0.0028936785536989766,0,0,0,0,0,0,0,0,473085,12912004630.0,462402,1337818544.0,0.0,1471036.3216535258,0.9989394739432775,0.0029892064338470138,0,0,0,0,0,33,0,0,7957,34779463.0,34778.83574800002
-1.0139466583292585,0.0002777405422312401,0.9990016872570835,0.0002089684198496234,320598,566.2137405609299,0.9982991574743311,0.0025618127708011296,0,0,0,0,0,0,0,0,634371,12084532435.0,582133,1337685097.0,0.0,1392045.4145509538,0.99898353465381,0.0026365659335386587,0,0,0,0,0,17,0,0,7959,103995339.0,103993.51246900001
-1.009575221436409,0.00029947921753111997,0.9981042020795736,0.000253143036883991,338791,582.0575572913731,0.9982387286426365,0.0024936173205791718,0,0,0,0,0,0,0,0,644622,21047999384.0,617151,2225307492.0,0.0,2405906.8672337346,0.9989270563924589,0.002571469067987953,0,0,0,0,0,33,0,0,7958,82087612.0,82086.137385
-1.0603433509688176,0.00032694677196241315,0.9979462627722093,0.0002724926771298369,311648,558.2544222843201,0.9983529451149089,0.0025843399044421355,0,0,0,0,0,0,0,0,640195,19039763557.0,585942,1946568033.0,0.0,4095251.5107877515,0.9990833339324615,0.0026794878609957594,0,0,0,0,0,33,0,0,7948,63144733.0,63143.63109200001
-0.6450061203787825,0.00017140187094041856,0.9932150438674506,0.0003290764667023393,557287,746.5165771769573,0.9983230086388861,0.0018756143160077302,0,0,0,0,0,0,0,0,726046,28684173642.0,1116660,9626677873.0,0.0,6351957.248817542,0.9989766749046313,0.001986202250899266,0,0,0,0,0,65,0,0,7864,104702671.0,104700.86815200004
-0.02044310090960888,4.747141261688398e-05,0.9994170763564598,0.0001462522708972703,1190100,1090.9170454255448,0.9983310888682623,0.0012921860522965838,0,0,0,0,0,0,0,0,723226,5093456070.0,2323836,1829789383.0,0.0,1069155.355780711,0.9989840341700738,0.0013507379240928756,0,0,0,0,0,2,0,0,7846,214067494.0,214063.97341599996
-0.54391127340027,0.00015858598316682913,0.9983772268175335,0.00022423951353957116,455389,674.825162542121,0.9980658526748066,0.002137755585523828,0,0,0,0,0,0,0,0,486874,25662126525.0,856593,2654872211.0,0.0,5520225.561817845,0.9988555289494689,0.0022143766298194888,0,0,0,0,0,17,0,0,7949,124012430.0,124010.21408899994
-1.0560390258423253,0.00024727203106186384,0.999599848704854,0.0001684946429374049,390727,625.0815946738473,0.9982778911454453,0.0023204575539155074,0,0,0,0,0,0,0,0,896752,4154771641.0,708151,513819121.0,0.0,466827.3639050071,0.9990141916513999,0.0023853491891380283,0,0,0,0,0,5,0,0,7960,94069384.0,94059.748574
-0.6013852998825753,0.00013808170175429207,0.9990813277134142,0.00018182321272881678,536030,732.1406968609244,0.9980952231645946,0.001976892242790388,0,0,0,0,0,0,0,0,653444,19681846352.0,1009294,1966395027.0,0.0,5991837.703105952,0.9988709511869676,0.002045074090703067,0,0,0,0,0,9,0,0,7961,152652392.0,152649.54410599996
-1.0567589424792256,0.0002475568161066838,0.986777160975884,0.0004240867789504052,459458,677.8333128432092,0.9981892239743353,0.002056497459859029,0,0,0,0,0,0,0,0,1186087,41433270058.0,923656,13233798538.0,0.0,4930682.732293855,0.9990204939055668,0.0022086515627997355,0,0,0,0,0,129,0,0,7862,70537514.0,70536.26838099994
0.6239576289970115,1.5167052850181893e-05,0.9983951539792905,0.00019341813293383505,1224963,1106.7804660365125,0.9982271073099541,0.001272774481930397,0,0,0,0,0,0,0,0,715815,13174509778.0,2398299,4498794802.0,0.0,2872951.104307183,0.9989292724472922,0.0013320239990370418,0,0,0,0,0,2,0,0,7847,191877345.0,191873.94069300004
0.00043069761934266815,8.372363208092674e-05,0.990891695910971,0.0002609928346777764,138901,372.6942446563939,0.9942634887471116,0.0022727793901657295,0.9864231295174839,0.013834387707990059,0.9278940948593285,0.0004580986763817207,2135,46.20606020859169,0.970431479276521,0.007362677047305817,899100,337718611946.0,900666,49918103796.0,0.0,21257042.7087276,0.9941329212301997,0.004220400331546305,0.9859185308436557,0.007767246945316362,0.9863394643118505,0.009776756302982867,1025,129,0.9864231295174839,0.013834387707990059,5297,8223586795.0,821085.3704140002
-0.97349314872116,0.00025111216027928047,0.9957553074659298,0.0002942993570230335,365901,604.8975119803354,0.998032363134773,0.002403871007987643,0,0,0,0,0,0,0,0,667833,59385174731.0,674534,6048956110.0,0.0,6764433.5214896,0.9988381701490497,0.002490415705472129,0,0,0,0,0,65,0,0,7954,110418707.0,110301.61946800002
-1.279265038604028,0.00028611574923804366,0.9948572387206122,0.0003232153837905442,370330,608.547450902557,0.998185084208904,0.002302190631092819,0,0,0,0,0,0,0,0,945261,17639438717.0,723342,5934732877.0,0.0,3907410.7230785,0.9989552905801541,0.0024310000545308516,0,0,0,0,0,65,0,0,7865,101032764.0,101030.89049700001
-1.295662642072155,0.0003464236189360784,0.9905396134443487,0.0004047821945901492,361951,601.6236365037531,0.9981108687297351,0.002323285278774029,0,0,0,0,0,0,0,0,944852,25398868138.0,724765,8132527448.0,0.0,2988609.586985218,0.9989723108544282,0.0024787787590878313,0,0,0,0,0,129,0,0,7863,63987316.0,63986.11247900002