,0,1,2,3,4,5,6,7,8,9,10,11,12,13,14,15,16,17,18,19,20,21,22,23,24,25,26,27,28,29,30,31,32,33,34,35,36,37,38,39,40,41,42,43,44,45
0,CPULT_scaler,CPULT_scaler_uncern,HMS_eLT,HMS_eLT_uncern,HMS_evts,HMS_evts_uncern,HMS_track,HMS_track_uncern,Ktrack,Ktrack_uncern,SHMS_eLT,SHMS_eLT_uncern,SHMS_evts,SHMS_evts_uncern,SHMS_track,SHMS_track_uncern,TRIG1_cut,TRIG1_scaler,TRIG3_cut,TRIG3_scaler,accp_edtm,charge,etrack,etrack_uncern,hadtrack,hadtrack_uncern,pitrack,pitrack_uncern,ps1,ps3,ptrack,ptrack_uncern,run number,sent_edtm,time,current,HMS rate,SHMS rate,HMScpuLT,SHMScpuLT,HMS yield,SHMS yield,HMS event uncertainty,SHMS event uncertainty,HMS relative yield,SHMS relative yield
1,0.1310344049447636,0.00013272465962759685,0.9917377252799424,0.00039881947126471585,110983.0,333.14111124266844,0.9952070884123928,0.00254703769199609,0.8820360894155669,0.012207705650381165,0.9388760493512041,0.0006661481364495523,1929.0,43.9203825119955,0.869719578080782,0.0064680086306727605,700152.0,54036308902.0,714049.0,7529748447.0,0.0,3369400.2912569814,0.995408460296363,0.004670975610071567,0.8815531838614491,0.0067633617964931066,0.8824391294979531,0.008460812354101645,513.0,65.0,0.8820360894155669,0.012207705650381165,5149.0,681722965.0,68171.093985,49.42564501016173,1.62800673294784,0.028296450698362664,0.006777601094212751,0.0067319044781663185,317.4152167787888,50.162571552769684,0.003001730997023584,0.022768472012439346,1.3094074245810456,50.162571552769684
2,0.012882866971528515,0.00014706529142778277,0.9993994366814858,0.000164492832968066,76423.0,276.4471016306736,0.9978658471519729,0.0032613845185550296,0.9932375746790392,0.007094413957804153,0.9979194064206094,0.00025391516056011155,8689.0,93.2148056909416,0.9868683965141308,0.003707696382178705,484879.0,2895304123.0,417662.0,1368883543.0,0.0,447539.502413836,0.9987955653587184,0.005382388775650301,0.9930605701741716,0.0037804919551886603,0.9930282884169196,0.004698586636400867,33.0,9.0,0.9932375746790392,0.007094413957804153,5158.0,897372245.0,89735.639906,4.987310536623388,0.8516460135577651,0.09682886319306257,0.007972148315309296,0.008008785072300649,193.19135485050603,81.06371116014448,0.0036173285742600214,0.010727909505229786,0.7969567337485894,81.06371116014448
3,0.003925571938330652,0.0001429795690637968,0.9985258132985106,0.00022530580097844942,117131.0,342.24406495949637,0.9976469372286916,0.0026203192551019485,0.9923851120394986,0.006127542563708225,0.9941043072482156,0.0003427610019746332,11432.0,106.92053123698929,0.9863425901399646,0.0032216895274366428,735547.0,7012403082.0,646026.0,2344539467.0,0.0,1333547.9583758772,0.998325839471922,0.004368665901684395,0.9927756009858408,0.0032880611133781143,0.99313081972218,0.004097142600992778,65.0,17.0,0.9923851120394986,0.006127542563708225,5157.0,950599786.0,95058.296615,14.028738215002331,1.2322017558803697,0.12026304285991228,0.007878706768804583,0.007887183510482555,189.96794419265333,71.62707255845962,0.002921891428908627,0.00935274066103825,0.7836594574217034,71.62707255845962
4,0.0009434369551332145,0.00013480534334660857,0.9961698441779936,0.0002812652739525867,188313.0,433.95045800183226,0.996743234534689,0.002074595899736097,0.9900614383809179,0.007703163438816481,0.9830499987695568,0.00041850135536535725,7079.0,84.13679337840253,0.9846231560201714,0.0040902936453574715,637676.0,26199974130.0,1060579.0,6524953358.0,0.0,5048486.332560596,0.99723497813562,0.003482849367246204,0.9912943932697942,0.004185372137625007,0.9917326712072242,0.0052344651064901,257.0,33.0,0.9900614383809179,0.007703163438816481,5155.0,1177539073.0,117751.84006800006,42.87394854844871,1.5992361553862076,0.06011795650846709,0.006545052456133011,0.006549431804965519,188.68467538196685,55.88177356160785,0.0023044105186674963,0.011885406608052342,0.7783656919699443,55.88177356160785
5,0.0013450459552336589,0.00014610973454591482,0.9973010337988923,0.000267130206959701,123984.0,352.113618026909,0.9973869294470952,0.00254454702667983,0.9923904934455929,0.006491912651261892,0.9885223109958614,0.0003983115466652317,9951.0,99.75469913743412,0.9855346819072344,0.003429261816120229,790940.0,14607799005.0,684271.0,3979567000.0,0.0,2866276.7229870493,0.9978937536058022,0.004272863468479908,0.992219688166096,0.003504845445436425,0.9923596201087062,0.004372827428478046,129.0,33.0,0.9923904934455929,0.006491912651261892,5156.0,957518986.0,95750.217934,29.9349368057079,1.2948691154464145,0.10392665640572389,0.007472066259500535,0.007474664245567225,191.5389400029969,60.79595967488815,0.0028399924024624873,0.01002459040673642,0.7901401598874682,60.79595967488815
6,0.0006568577751140393,0.00015835720507867914,0.9954832294260644,0.0003081955284760047,110314.0,332.13551451177267,0.996349447930277,0.0026720397927941287,0.9918887244016776,0.0078060390204413126,0.9785426034574752,0.0004705675905898288,6824.0,82.60750571225353,0.9842673403766652,0.0041536102562401795,744344.0,26316046343.0,614161.0,6296908362.0,0.0,5000830.9734834535,0.9968599539459913,0.0045645530635028365,0.9916891408442952,0.004256546860599565,0.991560452221502,0.005332945252989117,257.0,65.0,0.9918887244016776,0.0078060390204413126,5154.0,1011975055.0,101195.714809,49.417418345452475,1.090105447727803,0.0674336854369756,0.007553636475814093,0.007559906302141935,190.51713789219554,47.13032972567157,0.00301081924789032,0.012105437531103975,0.7859250019504487,47.13032972567157
7,0.002410968083986331,0.00020880715182259452,0.9982111804093382,0.0002787975042761662,87841.0,296.37982387470305,0.9976523213517992,0.003102778341705577,0.9925938792912864,0.0055886146400246145,0.9917092556918836,0.0004433799684812534,13684.0,116.97863052711807,0.9846753857138985,0.002971817692801429,1064361.0,4957663729.0,451321.0,1472628557.0,0.0,1430190.706119219,0.9982205258475068,0.00507155634215168,0.9921595810949422,0.003042599112915883,0.9920658351169828,0.0038191654162287045,65.0,33.0,0.9925938792912864,0.0055886146400246145,5159.0,514649295.0,51464.02874300001,27.790103904637462,1.7068426655569184,0.2658944574342377,0.015546884562935352,0.015571289724061247,130.6756497779393,40.56157436175425,0.003374048836815417,0.008548569901134031,0.5390657315286606,40.56157436175425
8,0.13337648786072365,9.307373667460815e-05,0.9916735255424888,0.0003357828046233475,169451.0,411.6442638978466,0.9950409516588892,0.0020590384092568138,0.9850419554906968,0.01090390518750295,0.9378902491319174,0.0005628773610406978,3178.0,56.373752757821606,0.9748702155741312,0.005820669743724633,1068290.0,109491875980.0,1090161.0,15219095568.0,0.0,6866030.828317606,0.9947984207947898,0.0037810816923701993,0.9864302003430144,0.006077014944923991,0.9877316936175244,0.007618450220245631,513.0,65.0,0.9850419554906968,0.01090390518750295,5150.0,1276428020.0,127640.55638999988,53.79192180374679,1.3275639404316777,0.024898042517848062,0.005082274590285598,0.005064274836274494,317.2142313218084,48.09516736124814,0.0024292819983230945,0.017738751654443552,1.3085783154656299,48.09516736124814
9,0.3694393463393783,0.002666471093018603,0.9988206240725336,0.0013756018326252415,3105.0,55.722526863020136,0.999293161335925,0.01878948388467685,0.9943342776203966,0.03059864566851827,0.9813952713536656,0.002900688373765329,686.0,26.19160170741759,0.9894072839800048,0.015305871570847791,37173.0,13686751.0,11035.0,1079764.0,0.0,1768.6862914403907,0.9996450124245652,0.026638264715776027,0.9930749605151258,0.0155069551755441,0.992589848091886,0.01914156449742857,65.0,9.0,0.9943342776203966,0.03059864566851827,5177.0,508106.0,50.80973700000001,34.80998713770926,61.110334029085784,13.50134916069335,0.1737314968040332,0.1833454805103256,91.0084729887712,138.97649364192392,0.01794606340193885,0.038180177416060626,0.37542992248645046,138.97649364192392
10,0.009194176304967884,0.00012796210724278108,0.9997932097926132,8.828923241499615e-05,40218.0,200.5442594541165,0.99792872623522,0.005229618837275483,0.9931655086000684,0.007508098744781397,0.9970197997694644,0.00024184741321127813,13042.0,114.20157617125956,0.9905893574432071,0.003639386997460437,447209.0,7220408377.0,144025.0,1955132292.0,0.0,790411.8628849783,0.9985734664764622,0.007399278754335804,0.9936363263127644,0.003681706601066,0.9936342414051976,0.0045135241937834395,65.0,9.0,0.9931655086000684,0.007508098744781397,5180.0,1707660370.0,169913.91385899993,4.651837185863941,0.2366963310219209,0.0767565157190286,0.005237866944759899,0.005272975467605117,87.61037577630465,205.33108131145968,0.004986430440452447,0.00875644657040788,0.36141202578758874,205.33108131145968
11,0.004792378740958282,0.0001475141930045336,0.9990365960984784,0.00018740316897273014,68334.0,261.4077275062847,0.9978636148924293,0.003271272685011489,0.9936826619358748,0.006546776359486747,0.9951215926898394,0.00031327286821360335,9190.0,95.86448768965492,0.9883376958148566,0.003340332628942934,645261.0,6877717604.0,419379.0,2091366886.0,0.0,503493.6989705102,0.9985080744323304,0.005719810311954086,0.9934502787425936,0.003400092656893042,0.9933958743740834,0.004145465337759841,65.0,17.0,0.9936826619358748,0.006546776359486747,5166.0,1108786752.0,110876.715206,4.5410228652161955,0.6163061367126627,0.08288485082666565,0.0072558387385430285,0.0072703185522598815,318.6639357010434,165.1110077480971,0.0038254416177347247,0.010431391478743736,1.3145586641612024,165.1110077480971
12,0.013301341822229085,0.00015363372615646853,0.9997921848584176,0.00010704572908125876,38102.0,195.19733604739585,0.9979058650221688,0.005365999560044867,0.9938611509570744,0.005528562888253859,0.9970469519742806,0.00028902501294064025,24048.0,155.07417579984102,0.9908419122319662,0.0026763963660298203,826753.0,3475610601.0,135869.0,913740808.0,0.0,379300.50196882064,0.9988168412547256,0.00759030118134025,0.9940058609359738,0.002708093081803447,0.9941449648920097,0.003318544671231306,33.0,9.0,0.9938611509570744,0.005528562888253859,5181.0,793512201.0,79349.835991,4.780104422797315,0.48017742600402596,0.3030630082553361,0.010170799034542585,0.010172202854302436,89.0763096691966,207.58219722408356,0.005123020735063668,0.006448526937784474,0.3674593247884915,207.58219722408356
13,0.0015097824500623913,0.00012136779610926635,0.9991696430670578,0.00015907536338169808,103090.0,321.07631491594015,0.9978837045248412,0.003340929562440461,0.9930345035058894,0.006767563962252456,0.980158025737432,0.0004028486663845942,14031.0,118.4525221343978,0.989918046966224,0.003263248395940185,814264.0,41866634413.0,359885.0,2992321681.0,0.0,2170127.688923149,0.9988176976560044,0.004653510881519449,0.9930036668528668,0.0033084109751118445,0.9931747807337516,0.004005786435460159,257.0,17.0,0.9930345035058894,0.006767563962252456,5170.0,1820467439.0,182043.541628,11.920926551504548,0.5662930916311276,0.07707496720027501,0.005220824212368213,0.0052256149292856414,155.01051944358562,321.2179558941947,0.003114524346841985,0.008442200993115087,0.639452409079208,321.2179558941947
14,0.006592023815793158,0.00013578268764331605,0.9996531882723814,0.00012990688654494455,65476.0,255.88278566562462,0.9978486125746401,0.004183982774375125,0.9935944681934524,0.005152127952184851,0.9929369578646452,0.0003529549739420075,24752.0,157.3276835143771,0.9909686768611378,0.002445696806852473,1052511.0,8955288294.0,228415.0,1173380919.0,0.0,444230.15001731255,0.998867075872098,0.005810437287590969,0.9937644120797536,0.0024730998932834107,0.993937144824441,0.0029767608472533137,65.0,9.0,0.9935944681934524,0.005152127952184851,5171.0,932318051.0,93230.15622400003,4.764876173219962,0.7023049477969732,0.26549349483582807,0.008527796159796788,0.008527167984910598,155.8888846979803,428.598726409287,0.003908039368098611,0.006356160452261519,0.6430758585069648,428.598726409287
15,0.0563698493315018,0.00011558576647688845,0.9994622283937432,0.0001524914376249363,97984.0,313.0239607442216,0.998098486080806,0.0033446066514064288,0.9936720303742542,0.005058043310651554,0.9918612278915809,0.00035835798350579315,28021.0,167.39474304768356,0.9904859462060188,0.0024738381269320125,1100752.0,11194799169.0,352054.0,1486063713.0,0.0,1411154.1742803643,0.9987698072321792,0.004746652393182428,0.9937451282343772,0.0025055781720185197,0.9939474037043422,0.0030806039493839125,65.0,9.0,0.9936720303742542,0.005058043310651554,5179.0,1035889446.0,103587.11438399994,13.622873681461785,0.945909156584582,0.2705066181892612,0.007038354326903363,0.007042968384492258,88.95670459398082,185.01990997887037,0.003194643622879466,0.005973903252834787,0.3669659276064205,185.01990997887037
16,0.2705592931730375,7.931094305244726e-05,0.998929183044298,0.0002103671983252738,152262.0,390.2076370344384,0.9978146599291398,0.002690071398167436,0.9930519889529532,0.0043794137625368275,0.9839947348273383,0.0004400622375572641,36283.0,190.4809701781257,0.9898490184057828,0.00216338064098967,1761553.0,19100688416.0,543975.0,1627283709.0,0.0,2461936.5513277533,0.9986436030569978,0.003815134648280999,0.9931847248360006,0.002193910665669148,0.9932984038016328,0.0027038141817508137,65.0,9.0,0.9930519889529532,0.0043794137625368275,5178.0,831262109.0,83124.76284700003,29.61736631789506,1.8317285341343397,0.43648846333291463,0.006150304212850505,0.006267353067136461,90.70071385768829,154.4139638056966,0.002562738155511148,0.005249868262771151,0.37416034853435026,154.4139638056966
17,0.0021920578522311995,0.00017540587358763502,0.9951904580562242,0.0003485681304108809,110539.0,332.4740591384537,0.9965308717532416,0.002511799156271152,0.9905865507000424,0.007230976726924575,0.9693790355844979,0.0005661394063202386,7175.0,84.70537173048709,0.9841268673732834,0.003789796283700501,1162283.0,25676153393.0,685064.0,4364218202.0,0.0,1844122.2802905226,0.9967616033755274,0.004581994776543387,0.9909199394152656,0.0038847689641579937,0.9913683646487356,0.00479546547187356,257.0,65.0,0.9905865507000424,0.007230976726924575,5162.0,626218864.0,62620.77643700003,29.449048466299548,1.7652128620795424,0.11457858570658969,0.011912564977559662,0.011924451565100535,328.20344340625593,85.20710528292143,0.00300775345478477,0.011805626722019106,1.3539112268480715,85.20710528292143
18,0.0010250761442121004,0.00013858794202545452,0.9985927092105072,0.00020057259672416999,80057.0,282.9434572489705,0.997565125963228,0.003712684290743349,0.9921753912304384,0.007029382216391822,0.9761954600953292,0.0004367070132485087,13739.0,117.21348045340176,0.9891359478024558,0.0035099942743181908,854151.0,43705094180.0,286205.0,3401753398.0,0.0,5649769.360921153,0.99837637343411,0.005284450940591346,0.9927268751929212,0.0035667116167260727,0.992924481883131,0.004412840283478895,257.0,33.0,0.9921753912304384,0.007029382216391822,5300.0,1586437772.0,158640.98252200006,35.61355502912151,0.5046426133228079,0.08660435520244397,0.0052028225090593695,0.005211866325306262,90.09532656200123,121.2294888137137,0.003534275044642823,0.008531441913778425,0.3716629930900708,121.2294888137137
19,0.026058758154362538,0.00012353001609812476,0.9931715847648408,0.0003284867690427241,170472.0,412.88254988555764,0.9957797329775858,0.0020514184694350878,0.9870311793944871,0.009414062340273694,0.9537029610370382,0.0005364720097378674,4353.0,65.97726881282674,0.9798518632229344,0.004981655898054147,1003553.0,73260857577.0,1097859.0,11166309818.0,0.0,4925383.969735813,0.9956023024887608,0.003730034075982693,0.9887716176688638,0.005148450575074361,0.9898962543227364,0.0064059034905407436,513.0,65.0,0.9870311793944871,0.009414062340273694,5161.0,1161235595.0,116121.5149900001,42.415774287477795,1.4680483630848284,0.03748659324996632,0.007132464328545741,0.007140435342761269,316.7549637398673,64.80086840689393,0.002421996280242841,0.015156735311928954,1.3066837359058787,64.80086840689393
20,-0.8583070522034222,0.00043286042574228797,0.9997581860279862,0.00015648573725312494,86969.0,294.90506947151647,0.9983645786986376,0.004898096245067549,0.0,0.0,0.0,0.0,0.0,0.0,0.0,0.0,197187.0,1810253318.0,162106.0,255136798.0,0.0,379684.6271612431,0.998898636101684,0.005056759378319863,0.0,0.0,0.0,0.0,0.0,9.0,0.0,0.0,7952.0,83859527.0,83858.14314899997,4.527701340663074,1.0370966579294825,0.0,0.00851808293932941,0.0,242.41134639995502,0.0,0.003390921701658252,0.0,1.0,0.0
21,0.0005185399366656185,0.00020106750327419508,0.9976256476633036,0.00028876431251864573,122586.0,350.1228355877405,0.9969515136313648,0.003098877210984483,0.9869667135489921,0.013560200746151227,0.9347967135790269,0.0006774531411286711,3260.0,57.09640969448079,0.9829969449591828,0.0069865971086479845,511077.0,57580697549.0,433561.0,2255097618.0,0.0,2841519.253452554,0.9982337829158638,0.004340507566405194,0.9884039637360319,0.00719694184631978,0.9890900175703836,0.008966057572218505,1025.0,33.0,0.9869667135489921,0.013560200746151227,5302.0,697424760.0,69741.24014699999,40.74374426757,1.7577261279210734,0.04674422182812637,0.009185184762332169,0.009209278920064214,155.46845304957805,129.9011714956417,0.0028561404694479025,0.017514236102601468,0.6413414856954356,129.9011714956417
22,0.13037659127273138,0.00010850564726177484,0.9992533277255504,0.0001856491242811352,126500.0,355.6683848755748,0.9978373333692282,0.0029907575455996103,0.9925551865157368,0.004726794422969311,0.9887805859302616,0.00041026435687620716,31830.0,178.4096409950987,0.9895519665483324,0.002350540323199512,1436192.0,12399559254.0,445531.0,1304244290.0,0.0,2403306.135423771,0.9987376858161788,0.004197776690726538,0.993145271386897,0.00238521102076169,0.9933846582441928,0.002959133958061338,65.0,9.0,0.9925551865157368,0.004726794422969311,5173.0,802268441.0,80225.44303000002,29.956906994269428,1.5768064995626858,0.39675692396110895,0.007987991868509195,0.00804950755355349,59.432852784942085,108.07692548778311,0.0028116077855776665,0.005605078259349629,0.2451735600151475,108.07692548778311
23,-0.7347214435938534,0.0017256032167199628,0.999782210041272,0.00015675803118107016,950.0,30.822070014844886,0.997814406702486,0.013473533595260784,0.9957805907172996,0.045786142666775435,0.9961946702792924,0.00031602287151159326,238.0,15.42724862054151,0.9832718327183272,0.02190269956871613,16890.0,4051101392.0,45444.0,24856219.0,0.0,650955.061701274,1.0,0.04791879851827602,0.9932625032391812,0.022650452342939262,0.9917572124391156,0.027204866314076502,2049.0,9.0,0.9957805907172996,0.045786142666775435,8303.0,780081.0,77997.67318000006,8.345826678688539,0.012179850516920245,0.0030513730768705455,0.01698760822852901,0.008544411009075126,0.7748775876035858,89.16864719412796,0.03244428422615251,0.06482037235521644,0.00319654009233179,89.16864719412796
24,-0.6329723169742321,0.0010161342028573571,0.999466908952648,0.00019859686839337164,2230.0,47.22287581247038,0.9986660568640904,0.00872197623833713,0.9880106571936056,0.02953289188921446,0.9884854534734684,0.0004243394325758872,497.0,22.293496809607955,0.9792512899330332,0.014586872719046176,45663.0,11505871752.0,100240.0,57006279.0,0.0,1508141.6666612416,0.999502982107356,0.03151658020325457,0.9914948153326344,0.015167543793676418,0.9933012710408794,0.01844127171841164,2049.0,9.0,0.9880106571936056,0.02953289188921446,8302.0,698965.0,69896.54507100003,21.576769855066374,0.03190429509405356,0.007110508816925839,0.0160220748586942,0.008132297422401154,0.8316990168788381,84.7908135812917,0.021176177494381335,0.044856130401625664,0.0034309409573041023,84.7908135812917
25,0.04196972897719575,9.056736952885865e-05,0.9975923113611708,0.00019655682068966696,123420.0,351.31182729876883,0.9970073875601776,0.003097550976168496,0.9859294001481116,0.015545643064692019,0.9105484117437233,0.0005497336232893307,2466.0,49.65883607174055,0.980999900869048,0.008013471924996365,532525.0,252344935119.0,438067.0,10802054476.0,0.0,12216581.471230347,0.9982685539113652,0.004344397592797717,0.9876846426441176,0.008299517453673516,0.9885069992919004,0.010347344902955273,1025.0,33.0,0.9859294001481116,0.015545643064692019,5303.0,4248365823.0,424798.87535,28.758507096246124,0.2905374923563813,0.0058051001146559415,0.002205812904063204,0.002200103478048378,151.59425288342683,95.86391714792519,0.0028464740503870434,0.020137403111005897,0.6253595598339325,95.86391714792519
26,0.0006823461454354972,0.0001705721332210279,0.995983968391712,0.000299392617264579,100393.0,316.8485442605031,0.9967648473238452,0.002812516027492873,0.9916567342073898,0.007976384572174646,0.9838947328676452,0.000426036676044608,6544.0,80.89499366462674,0.9843894413841546,0.004249044941319108,661211.0,22016358492.0,555923.0,5588334187.0,0.0,4240907.267244375,0.997088476074124,0.004768212399016669,0.9913470936583684,0.0043493411863496775,0.9913464866735896,0.005450652099435746,257.0,65.0,0.9916567342073898,0.007976384572174646,5299.0,1132479657.0,113179.425141,37.47065565990473,0.8870251803711624,0.057819696396650036,0.008109554465190317,0.008136957140126981,190.35676006796461,49.509513932485255,0.0031560820401870956,0.012361704410853719,0.7852634082312904,49.509513932485255
27,-0.6088694419139251,0.0006754471793554115,0.9991812021593643,0.00020647568355302076,5131.0,71.63099887618489,0.99820878181026,0.005673406224370734,0.9910466851417608,0.020509499477234957,0.9779147380998798,0.0004734546165350305,1011.0,31.79622619116929,0.9803232607167957,0.010244212341229554,115970.0,27605340736.0,211846.0,114883144.0,0.0,3039900.105053025,0.9989149305555556,0.020816378356118933,0.9915648132208642,0.010645019471567093,0.9914850136239782,0.012966524265245308,2049.0,9.0,0.9910466851417608,0.020509499477234957,8301.0,752799.0,75291.20534300001,40.37523494549355,0.068148729677324,0.013427863126831916,0.016705583427439916,0.008608081038641443,0.9109660204632871,80.75290362800997,0.013960436343049092,0.03145027318612195,0.0037579347418840794,80.75290362800997
28,0.000987629034545301,0.00013253582326115166,0.998420724182446,0.000221410098176542,199674.0,446.8489677732287,0.9975264367547552,0.0024122831287634308,0.9914972151731866,0.0080668938560332,0.9594469893596824,0.0005230370640876036,9229.0,96.06768447297978,0.988245658398114,0.004003452153421814,825622.0,62066774088.0,701711.0,2885289890.0,0.0,3129785.0366370813,0.99856676712515,0.0033623738934071548,0.991509076359348,0.0040783706587858475,0.9917062504712356,0.00498204514260938,513.0,17.0,0.9914972151731866,0.0080668938560332,5169.0,1168173080.0,116815.23746099998,26.792609463144682,1.709314677947415,0.07900510413362127,0.006947161037926127,0.006954906664347852,156.50353414011784,220.09049140258577,0.0022378926038103546,0.010409327605697235,0.6456114223378897,220.09049140258577
29,-0.3454884221845873,0.00017713150450124741,0.9999619984225704,7.697768747155388e-05,71230.0,266.8894902389376,0.9820136684681592,0.005275250234956838,0.0,0.0,0.0,0.0,0.0,0.0,0.0,0.0,750210.0,269038825.0,244648.0,100582317.0,0.0,5361811.956941292,0.99902079564503,0.005757137243714376,0.0,0.0,0.0,0.0,0.0,1.0,0.0,0.0,7859.0,89244911.0,89243.37373199998,60.08078507927035,0.7981544961971678,0.0,0.021578833817894497,0.0,0.6269109597884788,0.0,0.0037468691596088395,0.0,0.002586145281970989,0.0
30,0.026985202610602887,0.0001604101569708797,0.9978078226261748,0.0002725728889150349,155590.0,394.44898275949447,0.9970902000204064,0.002743167140206443,0.9894759761939323,0.008452085637323995,0.9367568675846304,0.0006546045223509213,8337.0,91.30717386930776,0.9858530051900216,0.004267240513765728,1285956.0,62090499749.0,542107.0,2421180012.0,0.0,3042147.870778592,0.9982472877332328,0.003840827704503668,0.9903258111248312,0.004377708880342447,0.9907253129653932,0.0053927043127736,513.0,33.0,0.9894759761939323,0.008452085637323995,5168.0,754871557.0,75485.83083799997,40.300912595204004,2.0611815260258775,0.11044456830437521,0.0107360260618734,0.010755501287684602,157.6657262698228,132.58794065160276,0.002535182098846292,0.010952041965851958,0.6504057199108567,132.58794065160276
31,0.0005694163722554935,0.00011009430963558245,0.9973625618331632,0.00022792231304774547,256378.0,506.3378318869725,0.9970714745415064,0.0021470353213005537,0.9856379245181146,0.010279607117306449,0.9217052211987052,0.0005440724221463433,5620.0,74.96665925596525,0.9802554665512015,0.005293106547679529,1114524.0,200611132874.0,905817.0,7170080437.0,0.0,9448658.109214127,0.9981615488160736,0.0030015429584024306,0.9867828590682144,0.005479606387726314,0.9877194232642106,0.006829020994311287,1025.0,33.0,0.9856379245181146,0.010279607117306449,5167.0,1960285128.0,196025.05955299985,48.20127656514991,1.3078838011049416,0.028669803813937904,0.005737645958635109,0.005750728541872044,156.51808376278439,108.15034414446534,0.001974965995081374,0.013339263212805205,0.6456714427242397,108.15034414446534
32,-0.6161911710042218,0.0006754060235530382,0.999020141489722,0.0002276718314175076,5382.0,73.3621155638249,0.9985833320639176,0.005513734436158187,0.9897216274089936,0.020534978395990347,0.9703355187434032,0.0005426493358292189,1031.0,32.109188716004645,0.9783820300624896,0.010438813898271787,125142.0,29074708340.0,207020.0,111293871.0,0.0,2973437.996426935,0.999379909053328,0.020322635930006862,0.990097828680506,0.01084145173948192,0.990882007763835,0.013345125254811872,2049.0,9.0,0.9897216274089936,0.020534978395990347,8299.0,816994.0,81628.67099899997,36.426392345201386,0.06593271621518786,0.01263036611257129,0.016864886577125093,0.008819457806609636,0.9672964159154566,82.33630676454955,0.013631013668492177,0.03114373299321498,0.00399030998458097,82.33630676454955
33,0.0024388289458059376,0.00017452381358974963,0.9974702111947208,0.00029224115987662105,102418.0,320.0281237641467,0.9972706114676636,0.0026502519777184905,0.9928714763497372,0.006149383018859318,0.985501456472918,0.00047313625865223925,10102.0,100.50870609056709,0.9865784956988304,0.003178328593481187,1000190.0,11722317558.0,629031.0,2440599286.0,0.0,888285.6849337146,0.9977020171183072,0.004703855815035013,0.9924069088084114,0.0032436294159582453,0.9925249501796732,0.003978379498825226,129.0,33.0,0.9928714763497372,0.006149383018859318,5163.0,657195231.0,65718.37140400003,13.516550485906409,1.5584378890096202,0.15371652985583767,0.011639551307401283,0.011660468469035118,327.7844200510504,127.5254213803807,0.0031247253780013933,0.009949386863053564,1.3521826635550225,127.5254213803807
34,0.020856445711455614,0.0001120573838439947,0.9986222581341628,0.00017856110497553113,92421.0,304.00822357298165,0.9975660390865488,0.003447848060358478,0.9919813282802606,0.006757419179001474,0.971453174625154,0.00043902576503434415,14955.0,122.2906374175881,0.9888546622333766,0.0033841017083737304,996836.0,61655634401.0,330986.0,5190417890.0,0.0,7922513.26632401,0.9984823282299091,0.00492214347866615,0.9923161623898891,0.0034396221631945423,0.992460904140534,0.0042612759817096365,257.0,33.0,0.9919813282802606,0.006757419179001474,5301.0,2678432062.0,267838.4749510001,29.57944435642937,0.34506244861537544,0.05583589139960549,0.004348168639429123,0.004343828493719355,88.75106903185944,112.94094840589862,0.0032893847023185386,0.008177240883824013,0.3661176357868532,112.94094840589862
35,-0.6145668624721341,0.0005184228203029745,0.9987894686924969,0.00022447121701096645,8213.0,90.62560344626678,0.9984424757690896,0.004449128301512221,0.9859961807765756,0.017652602124254985,0.9596753719867768,0.0005483540818820143,1361.0,36.89173349139343,0.9775356811080144,0.009034815433320591,195186.0,52053125992.0,289879.0,179696115.0,0.0,4800766.795163804,0.9991797676008204,0.016524965994067234,0.9884256155874336,0.009371858862161766,0.989595297615026,0.011533620438703507,2049.0,9.0,0.9859961807765756,0.017652602124254985,8300.0,790706.0,79066.16094899997,60.71834951314307,0.10387503201651122,0.017213432189756697,0.014582627851123273,0.007683346228417283,1.0574866199585655,77.34040664440347,0.011034409283607303,0.02710634349110465,0.0043623643681010545,77.34040664440347
36,0.8091241423942221,7.865332987633134e-06,0.99682990616431,0.00024042255804695078,1126261.0,1061.2544463982235,0.9983645534859928,0.0013276906559157422,0.0,0.0,0.0,0.0,0.0,0.0,0.0,0.0,654172.0,21790327109.0,2215673.0,7348746403.0,0.0,4794281.724448589,0.9990092813165594,0.0013920488387295276,0.0,0.0,0.0,0.0,0.0,2.0,0.0,0.0,7841.0,165415889.0,165413.00474699994,28.98370494981013,6.808781460216034,0.0,0.0006168929567369201,0.0,762.8629546765986,0.0,0.0009422810932796426,0.0,3.146977094949794,0.0
37,0.4880663331763603,6.139369672531077e-05,0.9985951671867664,0.0002508062750776734,136880.0,369.97297198579247,0.9977566895839386,0.0028358999930944468,0.9924429426999029,0.004472617691236899,0.9759421766474186,0.0005426901190628383,34320.0,185.25657883055058,0.9891751630269274,0.002225353846066869,2039917.0,18720764583.0,485819.0,1386491328.0,0.0,2413334.7558219032,0.9986782200029372,0.004035583238653574,0.9927197571530064,0.0022606789204598896,0.9930317848410758,0.002793709138799393,65.0,9.0,0.9924429426999029,0.004472617691236899,5176.0,610478785.0,61046.81114299999,39.532527754295835,2.2422137608361465,0.5621915274101151,0.005634407638691994,0.00732150814619629,90.80129158367642,127.63486260426974,0.0027029001460095884,0.005397918963594131,0.3745752537253894,127.63486260426974
38,0.5485327429972966,4.4475040993827036e-05,0.9985406552438608,0.00022914853431161734,140055.0,374.2392283018978,0.9975388662245814,0.002801174302319544,0.9922434250524624,0.004402780870508473,0.9705797503350004,0.0005393730870329989,35042.0,187.19508540557356,0.9888877651951486,0.0022025812967275122,2352949.0,28754652179.0,494475.0,2147251095.0,0.0,3691372.109427723,0.9983855627752336,0.003993224109153061,0.9926054078187349,0.0022399421640261733,0.9928577534953484,0.002772849703794452,65.0,9.0,0.9922434250524624,0.004402780870508473,5175.0,970549264.0,97053.221085,38.03451413729782,1.443074206443274,0.3610596290184942,0.003781990375776002,0.005504647224633993,90.51135274068757,113.35427929425501,0.0026720875963150035,0.005342020586883558,0.37337919237226086,113.35427929425501
39,0.004808944007212324,0.00017853562311986033,0.9916150238660156,0.0003997256213351877,105557.0,324.89536777245684,0.9948480083192776,0.0025083848381003897,0.986671243063898,0.010589271945510405,0.938263307912208,0.0006671603731733727,3437.0,58.625932828399414,0.9762698989365216,0.005644552116812537,1285785.0,54804765009.0,661116.0,7685460802.0,0.0,3417394.0227364814,0.9949059924052978,0.0047935327248950785,0.9877841813103276,0.005891663223935254,0.9888396566048188,0.007379876241081494,513.0,129.0,0.986671243063898,0.010589271945510405,5160.0,674677793.0,67466.59706799999,50.65312571333737,1.5645816535493626,0.050943728442918605,0.01216468458523361,0.012185602110115027,329.24872819342124,43.369553349035684,0.003077913996915949,0.01705729788431755,1.3582232559782619,43.369553349035684
40,0.7692491509966995,1.2795272367097396e-05,0.9972001388630995,0.00027229884103229435,758487.0,870.9115913799749,0.9981440174360195,0.0016162629529946704,0.0,0.0,0.0,0.0,0.0,0.0,0.0,0.0,463665.0,10541427638.0,1518159.0,3469320141.0,0.0,1285297.2169425515,0.9988985926782362,0.0016966153114043776,0.0,0.0,0.0,0.0,0.0,2.0,0.0,0.0,7844.0,160539400.0,160536.457964,8.006263706346237,4.724702473316618,0.0,0.0009176546400842339,0.0,1288.552438408748,0.0,0.0011482221730629196,0.0,5.315561575582203,0.0
41,0.0005553692257658227,0.00015562331869235449,0.9924555236012236,0.00035057112220887365,92044.0,303.38754094392215,0.9951231116926372,0.0027166128042394287,0.9867608611002948,0.010442876606012572,0.9520608323673956,0.0005529683963084372,3549.0,59.573484034425924,0.9787926409194088,0.005544795799865217,1045510.0,69634082189.0,568112.0,10511445720.0,0.0,4662568.818299231,0.9954131446169976,0.005102013480144854,0.9879104226300724,0.005750432717630325,0.9889267015706806,0.007175625413117352,513.0,129.0,0.9867608611002948,0.010442876606012572,5295.0,1151998554.0,115197.83559299998,40.474448103107875,0.7990080675230419,0.030807870492799917,0.00783021119732661,0.00783192627225908,326.8207710228779,50.93764045528891,0.00329611425996178,0.016785991556614796,1.3482073998452844,50.93764045528891
42,-0.9442762440410072,0.0003635019474972921,0.9968431472328236,0.0003643884849521792,205847.0,453.70364777021575,0.9981456585230172,0.003205192654693318,0.0,0.0,0.0,0.0,0.0,0.0,0.0,0.0,384983.0,13816022538.0,377192.0,1429673873.0,0.0,1574221.9874446471,0.9989653900974624,0.003315028368342809,0.0,0.0,0.0,0.0,0.0,33.0,0.0,0.0,7956.0,35696546.0,35695.971662,44.100830265967474,5.766673112281001,0.0,0.008929367615173558,0.0,484.147710983003,0.0,0.002204081904376628,0.0,1.9972155518834773,0.0
43,0.4061326413198533,2.430169724268825e-05,0.9989591210947912,0.000169352211446845,1212256.0,1101.0249770100586,0.9982641448845112,0.0012783225282820695,0.0,0.0,0.0,0.0,0.0,0.0,0.0,0.0,762821.0,9603375657.0,2414914.0,3205519445.0,0.0,1081553.710283264,0.9989611405564268,0.001338445184077382,0.0,0.0,0.0,0.0,0.0,2.0,0.0,0.0,7845.0,210834638.0,210830.647954,5.129964361344857,5.749904066435804,0.0,0.001612800114626554,0.0,1392.3557998188999,0.0,0.0009082446092327517,0.0,5.743773220588648,0.0
44,0.8686055259955605,5.785656898843648e-06,0.9945921794422128,0.0002991558033399109,915383.0,956.7564998472703,0.9982862606728842,0.0014714235910641455,0.0,0.0,0.0,0.0,0.0,0.0,0.0,0.0,555840.0,27470935611.0,1848883.0,8882102865.0,0.0,3244604.5335517284,0.9990405871270568,0.0015485732501762026,0.0,0.0,0.0,0.0,0.0,2.0,0.0,0.0,7843.0,176991414.0,176988.28082500005,18.332312842565447,5.171997805352431,0.0,0.00042478100605767877,0.0,1330.610311007752,0.0,0.0010451980207708362,0.0,5.489059529467631,0.0
45,-1.0727624280836938,0.0003060897053361125,0.9994397854509852,0.0001905620360412127,255874.0,505.8398956191574,0.998205670895574,0.002852034813912832,0.0,0.0,0.0,0.0,0.0,0.0,0.0,0.0,578397.0,5456919968.0,476480.0,611819866.0,0.0,1164380.2411693507,0.9988824094729929,0.0029466299580161908,0.0,0.0,0.0,0.0,0.0,9.0,0.0,0.0,7951.0,79241766.0,79240.283303,14.694296797463213,3.2290899190956415,0.0,0.008052002138277935,0.0,246.06504634583072,0.0,0.0019769101027035077,0.0,1.0150723140650664,0.0
46,0.0007912245153147701,0.00018950944367493103,0.9945447336507112,0.00037237765763650376,127677.0,357.31918504328866,0.9961595536479632,0.002471712323451336,0.9910312565179822,0.007667702752586914,0.9776645759392344,0.0005226518101965482,6904.0,83.09031231136396,0.9834925249169436,0.00410820357113889,876258.0,18743471234.0,713172.0,4312208348.0,0.0,3529887.5237504514,0.9965982682092702,0.0042542170358704405,0.9906425058990941,0.004214316253416198,0.9904843062065048,0.005291587795031643,257.0,65.0,0.9910312565179822,0.007667702752586914,5298.0,568555489.0,56854.548841,62.08628149740788,2.2456778323413094,0.1214326758498743,0.012382606439738809,0.01239061072742266,190.60056546529924,41.248604688808214,0.0027986182714450428,0.012035097379977398,0.7862691589973142,41.248604688808214
47,-1.0717066354993108,0.00032681664556212785,0.9989790451342088,0.0002264773616639048,282649.0,531.6474395687428,0.998304702879789,0.002714432103882259,0.0,0.0,0.0,0.0,0.0,0.0,0.0,0.0,605004.0,9559998087.0,528036.0,1012858036.0,0.0,2051826.1110778574,0.9991073579770994,0.002808720875154893,0.0,0.0,0.0,0.0,0.0,17.0,0.0,0.0,7950.0,72845373.0,72844.11926499997,28.167354232309535,3.8801896824608426,0.0,0.009549458590644539,0.0,245.64840894006778,0.0,0.0018809457651318166,0.0,1.013353593337054,0.0
48,0.7110746794943109,1.1341052527251536e-05,0.9978886786008088,0.00020825789296141355,1131380.0,1063.6634806178126,0.9982221180240112,0.0013309290428917108,0.0,0.0,0.0,0.0,0.0,0.0,0.0,0.0,702845.0,17977361944.0,2218498.0,5790774201.0,0.0,5636049.053052084,0.9989504990217256,0.0013910738910211384,0.0,0.0,0.0,0.0,0.0,2.0,0.0,0.0,7842.0,205672173.0,205668.45072199995,27.403566435526255,5.500989558818019,0.0,0.0007944341889827334,0.0,506.26582771185406,0.0,0.0009401469715018938,0.0,2.088457637113095,0.0
49,-0.9487270345386992,0.00037648801448505976,0.996911515580474,0.0003664929280243282,252350.0,502.3445033042563,0.9982369312529122,0.002893678553698977,0.0,0.0,0.0,0.0,0.0,0.0,0.0,0.0,473085.0,12912004630.0,462402.0,1337818544.0,0.0,1471036.321653526,0.9989394739432776,0.0029892064338470138,0.0,0.0,0.0,0.0,0.0,33.0,0.0,0.0,7957.0,34779463.0,34778.83574800002,42.29688228531684,7.255849558290966,0.0,0.011710520599496892,0.0,484.26604313682617,0.0,0.0019906657551189075,0.0,1.997703697985467,0.0
50,-1.0139466583292585,0.0002777405422312401,0.9990016872570836,0.0002089684198496234,320598.0,566.2137405609299,0.9982991574743312,0.0025618127708011296,0.0,0.0,0.0,0.0,0.0,0.0,0.0,0.0,634371.0,12084532435.0,582133.0,1337685097.0,0.0,1392045.4145509538,0.9989835346538101,0.002636565933538659,0.0,0.0,0.0,0.0,0.0,17.0,0.0,0.0,7959.0,103995339.0,103993.512469,13.38588707604156,3.0828653863919526,0.0,0.008021677197063997,0.0,488.91171091776687,0.0,0.001766117507161398,0.0,2.0168680970531403,0.0
51,-1.009575221436409,0.00029947921753112,0.9981042020795736,0.00025314303688399103,338791.0,582.0575572913731,0.9982387286426364,0.0024936173205791718,0.0,0.0,0.0,0.0,0.0,0.0,0.0,0.0,644622.0,21047999384.0,617151.0,2225307492.0,0.0,2405906.8672337346,0.9989270563924588,0.002571469067987953,0.0,0.0,0.0,0.0,0.0,33.0,0.0,0.0,7958.0,82087612.0,82086.13738500001,29.309539270310182,4.127262054139593,0.0,0.00950251683928949,0.0,489.88476086682596,0.0,0.001718043151356952,0.0,2.020882141624526,0.0
52,-1.0603433509688176,0.0003269467719624132,0.9979462627722092,0.0002724926771298369,311648.0,558.2544222843202,0.9983529451149088,0.0025843399044421355,0.0,0.0,0.0,0.0,0.0,0.0,0.0,0.0,640195.0,19039763557.0,585942.0,1946568033.0,0.0,4095251.510787752,0.9990833339324616,0.0026794878609957594,0.0,0.0,0.0,0.0,0.0,33.0,0.0,0.0,7948.0,63144733.0,63143.63109200001,64.85612943007645,4.93554131446654,0.0,0.010266457890799163,0.0,245.01516823922896,0.0,0.0017912979460298802,0.0,1.0107413364842168,0.0
53,-0.6450061203787825,0.00017140187094041856,0.9932150438674506,0.0003290764667023393,557287.0,746.5165771769573,0.998323008638886,0.0018756143160077305,0.0,0.0,0.0,0.0,0.0,0.0,0.0,0.0,726046.0,28684173642.0,1116660.0,9626677873.0,0.0,6351957.248817543,0.9989766749046312,0.001986202250899266,0.0,0.0,0.0,0.0,0.0,65.0,0.0,0.0,7864.0,104702671.0,104700.86815200004,60.66766552113069,5.322658826390586,0.0,0.007622672655643407,0.0,749.3873398820091,0.0,0.001339554981862052,0.0,3.0913872267579143,0.0
54,-0.02044310090960888,4.747141261688398e-05,0.9994170763564598,0.0001462522708972703,1190100.0,1090.9170454255448,0.9983310888682624,0.0012921860522965838,0.0,0.0,0.0,0.0,0.0,0.0,0.0,0.0,723226.0,5093456070.0,2323836.0,1829789383.0,0.0,1069155.355780711,0.9989840341700738,0.0013507379240928756,0.0,0.0,0.0,0.0,0.0,2.0,0.0,0.0,7846.0,214067494.0,214063.973416,4.994559984659231,5.559552973854344,0.0,0.0028765296995985675,0.0,775.227512094359,0.0,0.0009166599827119946,0.0,3.197983607645615,0.0
55,-0.54391127340027,0.00015858598316682913,0.9983772268175336,0.00022423951353957118,455389.0,674.825162542121,0.9980658526748066,0.002137755585523828,0.0,0.0,0.0,0.0,0.0,0.0,0.0,0.0,486874.0,25662126525.0,856593.0,2654872211.0,0.0,5520225.561817845,0.9988555289494688,0.0022143766298194888,0.0,0.0,0.0,0.0,0.0,17.0,0.0,0.0,7949.0,124012430.0,124010.21408899994,44.51428136279224,3.6721894510493738,0.0,0.005753807899324312,0.0,244.2081076345804,0.0,0.0014818653119467555,0.0,1.0074120343841533,0.0
56,-1.0560390258423251,0.00024727203106186384,0.999599848704854,0.0001684946429374049,390727.0,625.0815946738472,0.9982778911454452,0.0023204575539155074,0.0,0.0,0.0,0.0,0.0,0.0,0.0,0.0,896752.0,4154771641.0,708151.0,513819121.0,0.0,466827.36390500714,0.9990141916514,0.0023853491891380283,0.0,0.0,0.0,0.0,0.0,5.0,0.0,0.0,7960.0,94069384.0,94059.748574,4.963093894916572,4.154029815342339,0.0,0.008435395398472876,0.0,496.9700593348574,0.0,0.0015997911449012925,0.0,2.0501105526426366,0.0
57,-0.6013852998825753,0.0001380817017542921,0.9990813277134142,0.0001818232127288168,536030.0,732.1406968609243,0.9980952231645946,0.0019768922427903877,0.0,0.0,0.0,0.0,0.0,0.0,0.0,0.0,653444.0,19681846352.0,1009294.0,1966395027.0,0.0,5991837.703105953,0.9988709511869676,0.002045074090703067,0.0,0.0,0.0,0.0,0.0,9.0,0.0,0.0,7961.0,152652392.0,152649.54410599993,39.25224761198905,3.511507375533205,0.0,0.005008233155416783,0.0,161.07014456983302,0.0,0.001365857688675866,0.0,0.6644496924829708,0.0
58,-1.0567589424792256,0.00024755681610668376,0.9867771609758841,0.00042408677895040516,459458.0,677.8333128432092,0.9981892239743352,0.002056497459859029,0.0,0.0,0.0,0.0,0.0,0.0,0.0,0.0,1186087.0,41433270058.0,923656.0,13233798538.0,0.0,4930682.732293855,0.9990204939055668,0.0022086515627997355,0.0,0.0,0.0,0.0,0.0,129.0,0.0,0.0,7862.0,70537514.0,70536.26838099994,69.90280100530542,6.513783767497435,0.0,0.009051831744638052,0.0,1330.3904533386624,0.0,0.0014752889553413136,0.0,5.488152568335841,0.0
59,0.6239576289970115,1.5167052850181893e-05,0.9983951539792904,0.00019341813293383503,1224963.0,1106.7804660365125,0.998227107309954,0.001272774481930397,0.0,0.0,0.0,0.0,0.0,0.0,0.0,0.0,715815.0,13174509778.0,2398299.0,4498794802.0,0.0,2872951.104307183,0.9989292724472922,0.0013320239990370418,0.0,0.0,0.0,0.0,0.0,2.0,0.0,0.0,7847.0,191877345.0,191873.94069300004,14.973117735169309,6.384207233018429,0.0,0.0011136962915795207,0.0,767.058698724268,0.0,0.0009035215480275833,0.0,3.164285459883945,0.0
60,0.00043069761934266815,8.372363208092674e-05,0.990891695910971,0.0002609928346777764,138901.0,372.6942446563939,0.9942634887471116,0.002272779390165729,0.986423129517484,0.013834387707990059,0.9278940948593284,0.0004580986763817207,2135.0,46.20606020859169,0.9704314792765211,0.007362677047305817,899100.0,337718611946.0,900666.0,49918103796.0,0.0,21257042.708727602,0.9941329212301996,0.004220400331546304,0.9859185308436555,0.007767246945316363,0.9863394643118504,0.009776756302982869,1025.0,129.0,0.986423129517484,0.013834387707990059,5297.0,8223586795.0,821085.3704140001,25.888955612507832,0.16916754944734264,0.0026002168311968703,0.002786599350634363,0.002796939042031552,304.2399313680554,37.92896767199838,0.002683164589573825,0.02164218276749025,1.2550564810035305,37.92896767199838
61,-0.97349314872116,0.00025111216027928047,0.9957553074659298,0.0002942993570230335,365901.0,604.8975119803354,0.998032363134773,0.002403871007987643,0.0,0.0,0.0,0.0,0.0,0.0,0.0,0.0,667833.0,59385174731.0,674534.0,6048956110.0,0.0,6764433.5214896,0.9988381701490496,0.002490415705472129,0.0,0.0,0.0,0.0,0.0,65.0,0.0,0.0,7954.0,110418707.0,110301.61946800002,61.326692700573204,3.3172767704118145,0.0,0.0073830822346678746,0.0,477.1590770991175,0.0,0.00165317261221023,0.0,1.9683859034875855,0.0
62,-1.279265038604028,0.0002861157492380437,0.9948572387206122,0.0003232153837905442,370330.0,608.547450902557,0.9981850842089041,0.002302190631092819,0.0,0.0,0.0,0.0,0.0,0.0,0.0,0.0,945261.0,17639438717.0,723342.0,5934732877.0,0.0,3907410.7230785005,0.998955290580154,0.002431000054530852,0.0,0.0,0.0,0.0,0.0,65.0,0.0,0.0,7865.0,101032764.0,101030.890497,38.67540614416862,3.66551257915515,0.0,0.008059589812514588,0.0,765.7538211113261,0.0,0.0016432572324752437,0.0,3.1589025533809263,0.0
63,-1.295662642072155,0.0003464236189360784,0.9905396134443488,0.0004047821945901492,361951.0,601.6236365037531,0.9981108687297352,0.002323285278774029,0.0,0.0,0.0,0.0,0.0,0.0,0.0,0.0,944852.0,25398868138.0,724765.0,8132527448.0,0.0,2988609.5869852183,0.9989723108544282,0.0024787787590878317,0.0,0.0,0.0,0.0,0.0,129.0,0.0,0.0,7863.0,63987316.0,63986.11247900003,46.70715990076858,5.656711839132136,0.0,0.011587559021885274,0.0,1350.8264687726135,0.0,0.0016621687369388484,0.0,5.57245561659429,0.0
